Month,OUs,Site,Region,HC,Production Hours,Inflow,Solves,TPH,# of CSAT Surveys,CSAT Score,# of 1sat surveys,1sat score,Occupancy,Shrinkage,Adherence,Scheduled Hours,Non Productive Hours,Idle Time
2021-11-01,US&C Fraud BGC,COE_UBR_VTZ,APAC,17,0,0,0,0.00,0,0.00,0,0.00%,14.01%,33.24%,3.02%,7.5,2.49,6.45
2021-11-01,India SA Gover0ce,COE_UBR_HYD,APAC,2,0,0,0,0.00,0,0.00,0,0.00%,0.00%,0.00%,0.00%,7.5,0.00,7.50
2021-11-01,COE Manager,COE_UBR_CAI,EMEA,4,0,0,0,0.00,0,0.00,0,0.00%,0.00%,0.00%,0.00%,7.5,0.00,7.50
2021-11-01,WSE Proactive Engagement (Perspective),COE_UBR_LIS,EMEA,12,1712,44,1626,0.95,149,4.93,0,0.00%,56.21%,34.64%,20.81%,7.5,2.60,3.28
2021-11-01,UKI_Rider_T2,COE_UBR_LIM,EMEA,10,649,934,1759,2.71,60,3.17,17,28.33%,79.28%,40.07%,25.27%,7.5,3.01,1.55
2021-11-01,MENA_UrgentInvestigation,COE_UBR_CAI,EMEA,9,921,0,0,0.00,0,0.00,0,0.00%,49.83%,27.60%,8.00%,7.5,2.07,3.76
2021-11-01,India SA Shared Analytics Rides Ops,COE_UBR_HYD,APAC,1,0,0,0,0.00,0,0.00,0,0.00%,0.00%,0.00%,0.00%,7.5,0.00,7.50
2021-11-01,North Asia Quality NA,COE_UBR_MNL,APAC,1,0,0,0,0.00,0,0.00,0,0.00%,0.00%,0.00%,0.00%,7.5,0.00,7.50
2021-11-01,US&C Regional Quality,COE_UBR_CRK,APAC,13,163,0,0,0.00,0,0.00,0,0.00%,0.00%,0.00%,0.00%,7.5,0.00,7.50
2021-11-01,ANZ Level 2 Eats,COE_UBR_CRK,APAC,0,0,1,0,0.00,0,0.00,0,0.00%,0.00%,0.00%,0.00%,7.5,0.00,7.50
2021-11-01,Global Analytics A&I Network Support,COE_UBR_HYD,APAC,3,0,0,0,0.00,0,0.00,0,0.00%,0.00%,0.00%,0.00%,7.5,0.00,7.50
2021-11-01,Eats,COE_UBR_SNJ,LatAm,23,356,0,984,2.77,60,4.25,8,13.33%,69.55%,28.04%,8.12%,7.5,2.10,2.28
2021-11-01,null,COE_UBR_HYD,APAC,178,66248,0,0,0.00,0,0.00,0,0.00%,0.00%,27.03%,9.08%,7.5,2.03,7.50
2021-11-01,India SA Growth,COE_UBR_HYD,APAC,3,0,0,0,0.00,0,0.00,0,0.00%,0.00%,0.00%,0.00%,7.5,0.00,7.50
2021-11-01,COE Manager,COE_UBR_LIS,EMEA,8,0,0,0,0.00,0,0.00,0,0.00%,0.00%,0.00%,0.00%,7.5,0.00,7.50
2021-11-01,Global WFM,COE_UBR_MNL,APAC,14,88,0,0,0.00,0,0.00,0,0.00%,0.00%,0.00%,0.00%,7.5,0.00,7.50
2021-11-01,India SA Gover0ce C360,COE_UBR_HYD,APAC,6,0,0,2012,0.00,11,4.55,0,0.00%,0.00%,0.00%,0.00%,7.5,0.00,7.50
2021-11-01,MENA_IRTL1L2,COE_UBR_CAI,EMEA,13,2599,0,2854,1.10,307,4.09,41,13.36%,78.16%,20.29%,19.07%,7.5,1.52,1.64
2021-11-01,ANZ Shared Analytics Rides Ops,COE_UBR_HYD,APAC,1,0,0,0,0.00,0,0.00,0,0.00%,0.00%,0.00%,0.00%,7.5,0.00,7.50
2021-11-01,Instadoc,COE_UBR_LIM,EMEA,10,0,0,0,0.00,0,0.00,0,0.00%,65.50%,16.98%,17.38%,7.5,1.27,2.59
2021-11-01,India SA COE Analytics India SA Safetyline,COE_UBR_VTZ,APAC,1,0,0,0,0.00,0,0.00,0,0.00%,0.00%,0.00%,0.00%,7.5,0.00,7.50
2021-11-01,US&C Insights Generation RS,COE_UBR_HYD,APAC,0,0,0,0,0.00,0,0.00,0,0.00%,0.00%,0.00%,0.00%,7.5,0.00,7.50
2021-11-01,SME,COE_UBR_LIM,EMEA,3,0,0,0,0.00,0,0.00,0,0.00%,40.15%,28.99%,29.90%,7.5,2.17,4.49
2021-11-01,Diamond Rider,COE_UBR_PHX,US & Canada,45,4413,78,13625,3.09,2416,4.45,202,8.36%,57.23%,44.27%,56.61%,7.5,3.32,3.21
2021-11-01,Vendor Operations,COE_UBR_SNJ,LatAm,3,0,0,0,0.00,0,0.00,0,0.00%,0.00%,0.00%,0.00%,7.5,0.00,7.50
2021-11-01,Content,COE_UBR_BRA,LatAm,28,0,0,0,0.00,0,0.00,0,0.00%,0.00%,0.00%,0.00%,7.5,0.00,7.50
2021-11-01,Process Specialist,COE_UBR_LIS,EMEA,2,0,0,0,0.00,0,0.00,0,0.00%,0.00%,0.00%,0.00%,7.5,0.00,7.50
2021-11-01,Perspective Campaign Admin,COE_UBR_LIM,EMEA,1,0,0,0,0.00,0,0.00,0,0.00%,0.00%,17.56%,30.87%,7.5,1.32,7.50
2021-11-01,DACH,COE_UBR_LIS,EMEA,7,132,0,0,0.00,0,0.00,0,0.00%,76.15%,34.21%,31.92%,7.5,2.57,1.79
2021-11-01,India SA Gover0ce C360,COE_UBR_VTZ,APAC,5,0,0,0,0.00,0,0.00,0,0.00%,0.00%,0.00%,0.00%,7.5,0.00,7.50
2021-11-01,US&C USI Crash,COE_UBR_CRK,APAC,4,296,86,84,0.28,6,4.50,0,0.00%,73.69%,16.79%,54.28%,7.5,1.26,1.97
2021-11-01,ECR USC,COE_UBR_CHI,US & Canada,16,1677,9,485,0.29,0,0.00,0,0.00%,48.23%,35.50%,35.74%,7.5,2.66,3.88
2021-11-01,Program Specialist,COE_UBR_SNJ,LatAm,2,0,0,0,0.00,0,0.00,0,0.00%,0.00%,0.00%,0.00%,7.5,0.00,7.50
2021-11-01,Ops Enablement - US&C,COE_UBR_KRW,EMEA,6,832,0,0,0.00,0,0.00,0,0.00%,0.00%,26.42%,34.20%,7.5,1.98,7.50
2021-11-01,Engagement,COE_UBR_BRA,LatAm,2,0,0,0,0.00,0,0.00,0,0.00%,0.00%,0.00%,0.00%,7.5,0.00,7.50
2021-11-01,Global Product Services Product Triage,COE_UBR_HYD,APAC,0,0,0,0,0.00,0,0.00,0,0.00%,0.00%,0.00%,0.00%,7.5,0.00,7.50
2021-11-01,Eats Local Support,COE_UBR_BRA,LatAm,6,0,1,70,0.00,0,0.00,0,0.00%,12.45%,20.45%,2.12%,7.5,1.53,6.57
2021-11-01,ANZ Shared Analytics Rides S&P Ops,COE_UBR_MNL,APAC,1,0,0,0,0.00,0,0.00,0,0.00%,0.00%,0.00%,104.27%,7.5,0.00,7.50
2021-11-01,CII,COE_UBR_KRW,EMEA,7,880,0,0,0.00,0,0.00,0,0.00%,0.00%,0.00%,0.00%,7.5,0.00,7.50
2021-11-01,Nordics - Rides,COE_UBR_LIM,EMEA,0,0,0,1,0.00,0,0.00,0,0.00%,0.00%,0.00%,0.00%,7.5,0.00,7.50
2021-11-01,BGC: Checkr,COE_UBR_PHX,US & Canada,98,792,0,0,0.00,0,0.00,0,0.00%,24.33%,26.93%,39.33%,7.5,2.02,5.68
2021-11-01,Beyond Support Coordinator,COE_UBR_KRW,EMEA,3,0,0,0,0.00,0,0.00,0,0.00%,47.58%,98.20%,58.52%,7.5,7.37,3.93
2021-11-01,Business Analyst,COE_UBR_LIM,EMEA,1,0,0,0,0.00,0,0.00,0,0.00%,0.00%,0.00%,0.00%,7.5,0.00,7.50
2021-11-01,North Asia COE Agent Quality North Asia Rider English L1/L2,COE_UBR_HYD,APAC,2,0,0,0,0.00,0,0.00,0,0.00%,0.00%,0.00%,0.00%,7.5,0.00,7.50
2021-11-01,SSA_IRTL1L2,COE_UBR_CAI,EMEA,13,1287,1357,2234,1.74,169,4.18,11,6.51%,76.60%,19.44%,9.29%,7.5,1.46,1.75
2021-11-01,Romania,COE_UBR_KRW,EMEA,0,58,14,124,2.13,12,3.17,5,41.67%,0.00%,0.00%,0.00%,7.5,0.00,7.50
2021-11-01,ANZ Shared Analytics Driver Access Automation Ops,COE_UBR_HYD,APAC,2,0,0,0,0.00,0,0.00,0,0.00%,0.91%,0.00%,0.00%,7.5,0.00,7.43
2021-11-01,US&C Fraud SPOT Compliance,COE_UBR_HYD,APAC,12,0,0,72167,"2,405,566.67",0,0.00,0,0.00%,9.15%,27.25%,2.50%,7.5,2.04,6.81
2021-11-01,CZSK,COE_UBR_KRW,EMEA,8,860,2837,2986,3.47,529,4.05,71,13.42%,84.07%,29.09%,26.91%,7.5,2.18,1.19
2021-11-01,Eats Restaurant Partner Specialists,COE_UBR_LIM,EMEA,4,0,0,0,0.00,0,0.00,0,0.00%,3.61%,25.52%,29.19%,7.5,1.91,7.23
2021-11-01,Postmates,COE_UBR_CHI,US & Canada,2,181,0,0,0.00,0,0.00,0,0.00%,0.00%,0.00%,0.00%,7.5,0.00,7.50
2021-11-01,ANZ COE Analytics,COE_UBR_MNL,APAC,3,0,0,0,0.00,0,0.00,0,0.00%,0.00%,0.00%,0.00%,7.5,0.00,7.50
2021-11-01,Global Analytics Global Command Center,COE_UBR_MNL,APAC,32,191,0,0,0.00,0,0.00,0,0.00%,0.00%,0.00%,0.00%,7.5,0.00,7.50
2021-11-01,Global Central L&D,COE_UBR_HYD,APAC,2,0,0,0,0.00,0,0.00,0,0.00%,0.00%,0.00%,0.00%,7.5,0.00,7.50
2021-11-01,US&C COE Agent Quality US&C Driver Fraud,COE_UBR_HYD,APAC,1,0,0,0,0.00,0,0.00,0,0.00%,0.00%,0.00%,0.00%,7.5,0.00,7.50
2021-11-01,Unassigned,COE_UBR_MNL,APAC,0,0,544,39908,0.00,2500,3.69,512,20.48%,0.00%,0.00%,0.00%,7.5,0.00,7.50
2021-11-01,Payment Partnerships,COE_UBR_CHI,US & Canada,2,120,0,0,0.00,0,0.00,0,0.00%,21.39%,11.37%,73.33%,7.5,0.85,5.90
2021-11-01,SPOT,COE_UBR_PHX,US & Canada,86,13245,452,13718,1.04,69,3.96,9,13.04%,65.05%,25.98%,42.36%,7.5,1.95,2.62
2021-11-01,ANZ SORT,COE_UBR_MNL,APAC,22,368,3,3,0.01,0,0.00,0,0.00%,36.21%,19.62%,13.91%,7.5,1.47,4.78
2021-11-01,ANZ Shared Analytics New Verticals,COE_UBR_HYD,APAC,2,0,0,0,0.00,0,0.00,0,0.00%,0.00%,0.00%,0.00%,7.5,0.00,7.50
2021-11-01,US&C Service Denial,COE_UBR_CRK,APAC,4,0,250,261,0.00,27,4.33,2,7.41%,79.83%,21.00%,2.75%,7.5,1.58,1.51
2021-11-01,Sanction screening,COE_UBR_KRW,EMEA,3,363,14,51,0.14,1,3.00,0,0.00%,55.24%,33.73%,31.14%,7.5,2.53,3.36
2021-11-01,Site Lead,COE_UBR_CAI,EMEA,1,0,0,0,0.00,0,0.00,0,0.00%,0.00%,0.00%,0.00%,7.5,0.00,7.50
2021-11-01,Analytics,COE_UBR_SNJ,LatAm,2,0,0,0,0.00,0,0.00,0,0.00%,0.00%,0.00%,0.00%,7.5,0.00,7.50
2021-11-01,ANZ Restaurant Operations General Enquiries,COE_UBR_CRK,APAC,0,0,0,0,0.00,0,0.00,0,0.00%,0.00%,0.00%,0.00%,7.5,0.00,7.50
2021-11-01,Poland_IRT,COE_UBR_KRW,EMEA,10,904,827,2131,2.36,203,3.95,23,11.33%,79.56%,29.98%,29.41%,7.5,2.25,1.53
2021-11-01,Assistant_Team_Lead Portuguese - Eats,COE_UBR_LIS,EMEA,1,0,0,0,0.00,0,0.00,0,0.00%,32.22%,0.00%,99.98%,7.5,0.00,5.08
2021-11-01,US&C Outreach Innovation Welcome Back,COE_UBR_CRK,APAC,33,0,0,0,0.00,0,0.00,0,0.00%,70.88%,42.12%,10.12%,7.5,3.16,2.18
2021-11-01,Restaurant Onboarding Specialist Spanish - Eats,COE_UBR_LIS,EMEA,1,0,0,0,0.00,0,0.00,0,0.00%,0.00%,0.56%,102.39%,7.5,0.04,7.50
2021-11-01,Global U4B MNL,COE_UBR_MNL,APAC,29,226,0,0,0.00,0,0.00,0,0.00%,43.97%,54.65%,58.15%,7.5,4.10,4.20
2021-11-01,India SA ECR,COE_UBR_HYD,APAC,10,71,40,89,1.26,8,4.25,1,12.50%,56.16%,20.02%,1.68%,7.5,1.50,3.29
2021-11-01,Learning,COE_UBR_SNJ,LatAm,8,0,0,0,0.00,0,0.00,0,0.00%,47.71%,19.10%,82.40%,7.5,1.43,3.92
2021-11-01,QA USC,COE_UBR_PHX,US & Canada,43,3337,0,12,0.00,0,0.00,0,0.00%,0.00%,0.00%,0.00%,7.5,0.00,7.50
2021-11-01,Freight: Detentions,COE_UBR_CHI,US & Canada,8,882,0,3455,3.92,0,0.00,0,0.00%,0.00%,39.57%,38.12%,7.5,2.97,7.50
2021-11-01,Blank Staffing Group,COE_UBR_CHI,US & Canada,0,0,0,0,0.00,0,0.00,0,0.00%,20.88%,0.00%,0.00%,7.5,0.00,5.93
2021-11-01,ANZ Learning Experience & Design Instructional Design & Development,COE_UBR_CRK,APAC,5,0,0,0,0.00,0,0.00,0,0.00%,0.00%,0.00%,0.00%,7.5,0.00,7.50
2021-11-01,COE Manager,COE_UBR_LIM,EMEA,4,0,0,0,0.00,0,0.00,0,0.00%,0.00%,0.00%,0.00%,7.5,0.00,7.50
2021-11-01,ANZ Shared Analytics Merchant Ops,COE_UBR_HYD,APAC,3,0,0,0,0.00,0,0.00,0,0.00%,67.26%,0.00%,0.00%,7.5,0.00,2.46
2021-11-01,ANZ IRT Urgent (L3/L4),COE_UBR_MNL,APAC,21,337,1498,3819,11.32,304,4.19,30,9.87%,55.57%,19.14%,24.75%,7.5,1.44,3.33
2021-11-01,US&C COE Analytics Fi0ce & Accounting,COE_UBR_MNL,APAC,2,0,0,0,0.00,0,0.00,0,0.00%,0.00%,0.00%,0.00%,7.5,0.00,7.50
2021-11-01,France U4B Support,COE_UBR_LIS,EMEA,4,846,0,493,0.58,14,3.29,5,35.71%,48.99%,35.54%,15.76%,7.5,2.67,3.83
2021-11-01,DT2 Key Account Coordinator,COE_UBR_LIM,EMEA,4,0,0,0,0.00,0,0.00,0,0.00%,62.11%,26.13%,30.77%,7.5,1.96,2.84
2021-11-01,Learning and Development,COE_UBR_PHX,US & Canada,13,0,0,0,0.00,0,0.00,0,0.00%,0.00%,0.00%,0.00%,7.5,0.00,7.50
2021-11-01,Analytics: Project Specialist,COE_UBR_PHX,US & Canada,8,0,0,0,0.00,0,0.00,0,0.00%,13.74%,29.30%,101.41%,7.5,2.20,6.47
2021-11-01,Global Global HRSS,COE_UBR_CRK,APAC,0,0,0,0,0.00,0,0.00,0,0.00%,0.00%,0.00%,0.00%,7.5,0.00,7.50
2021-11-01,India SA Shared Analytics Rides Business Development Analytics Ops,COE_UBR_HYD,APAC,2,0,0,0,0.00,0,0.00,0,0.00%,0.00%,0.00%,0.00%,7.5,0.00,7.50
2021-11-01,Global COE Training India SA IRT L3/L4,COE_UBR_VTZ,APAC,1,0,0,0,0.00,0,0.00,0,0.00%,0.00%,0.00%,0.00%,7.5,0.00,7.50
2021-11-01,US&C Insights Generation Rides RT,COE_UBR_HYD,APAC,6,0,96,105,0.00,13,3.38,3,23.08%,0.00%,0.00%,0.00%,7.5,0.00,7.50
2021-11-01,R&C - Secondary Workflow,COE_UBR_PHX,US & Canada,0,3587,0,15,0.00,0,0.00,0,0.00%,0.00%,0.00%,0.00%,7.5,0.00,7.50
2021-11-01,NEEWSE_ASR,COE_UBR_LIS,EMEA,0,0,0,0,0.00,0,0.00,0,0.00%,0.00%,0.00%,0.00%,7.5,0.00,7.50
2021-11-01,Sweden Rides,COE_UBR_LIM,EMEA,2,0,0,0,0.00,0,0.00,0,0.00%,0.00%,100.00%,3.18%,7.5,7.50,7.50
2021-11-01,Ops Enablement - Eats,COE_UBR_KRW,EMEA,12,1619,0,746,0.46,6,5.00,0,0.00%,68.95%,21.91%,27.14%,7.5,1.64,2.33
2021-11-01,Senior COE Manager,COE_UBR_KRW,EMEA,2,0,0,0,0.00,0,0.00,0,0.00%,0.00%,0.00%,0.00%,7.5,0.00,7.50
2021-11-01,SIU,COE_UBR_SNJ,LatAm,47,1946,36,5021,2.58,5,4.80,0,0.00%,71.98%,27.67%,4.44%,7.5,2.08,2.10
2021-11-01,US&C ASR Unified Onboarding,COE_UBR_MNL,APAC,5,35,0,0,0.00,0,0.00,0,0.00%,97.02%,55.82%,100.01%,7.5,4.19,0.22
2021-11-01,US&C Outreach Innovation Unified Churn,COE_UBR_CRK,APAC,41,398,1,1,0.00,0,0.00,0,0.00%,43.98%,30.80%,7.15%,7.5,2.31,4.20
2021-11-01,SSA_IRTL3L4,COE_UBR_CAI,EMEA,18,1838,6,2166,1.18,144,4.20,8,5.56%,36.04%,22.51%,22.39%,7.5,1.69,4.80
2021-11-01,UKI MP & Union Case Work,COE_UBR_LIM,EMEA,1,0,0,0,0.00,0,0.00,0,0.00%,37.98%,33.34%,12.15%,7.5,2.50,4.65
2021-11-01,Analytics,COE_UBR_BRA,LatAm,9,0,0,0,0.00,0,0.00,0,0.00%,0.00%,0.00%,0.00%,7.5,0.00,7.50
2021-11-01,Escalations,COE_UBR_BRA,LatAm,19,0,158,3726,0.00,567,4.81,19,3.35%,51.40%,19.39%,8.50%,7.5,1.45,3.64
2021-11-01,Commander,COE_UBR_CHI,US & Canada,0,0,0,0,0.00,0,0.00,0,0.00%,0.00%,0.00%,0.00%,7.5,0.00,7.50
2021-11-01,Ukraine_IRT,COE_UBR_KRW,EMEA,1,0,3,98,0.00,3,4.67,0,0.00%,0.00%,0.00%,0.00%,7.5,0.00,7.50
2021-11-01,Blank Staffing Group,COE_UBR_LIM,EMEA,0,0,0,0,0.00,0,0.00,0,0.00%,67.86%,0.00%,0.00%,7.5,0.00,2.41
2021-11-01,US&C Insights Generation Rides,COE_UBR_HYD,APAC,3,0,0,0,0.00,0,0.00,0,0.00%,0.00%,0.00%,0.00%,7.5,0.00,7.50
2021-11-01,US&C Driver NYC TLC,COE_UBR_CRK,APAC,6,140,1327,1360,9.72,231,4.25,23,9.96%,54.70%,23.02%,7.14%,7.5,1.73,3.40
2021-11-01,French - Eater & Courier,COE_UBR_LIS,EMEA,25,3044,5638,9208,3.03,993,3.84,164,16.52%,82.47%,24.69%,15.10%,7.5,1.85,1.31
2021-11-01,WSE Funnel (Ariane) - Spain,COE_UBR_LIS,EMEA,2,0,0,0,0.00,0,0.00,0,0.00%,88.33%,23.79%,84.53%,7.5,1.78,0.88
2021-11-01,MENA U4B,COE_UBR_CAI,EMEA,9,0,0,0,0.00,0,0.00,0,0.00%,82.72%,15.26%,38.62%,7.5,1.14,1.30
2021-11-01,APAC Shared Analytics Automation,COE_UBR_HYD,APAC,2,0,0,0,0.00,0,0.00,0,0.00%,0.00%,0.00%,0.00%,7.5,0.00,7.50
2021-11-01,UKI_PolicyAdjudication,COE_UBR_LIM,EMEA,5,345,0,961,2.79,5,3.60,1,20.00%,63.17%,35.06%,15.49%,7.5,2.63,2.76
2021-11-01,US&C Insights Generation RT,COE_UBR_HYD,APAC,0,0,0,0,0.00,0,0.00,0,0.00%,0.00%,0.00%,0.00%,7.5,0.00,7.50
2021-11-01,ANZ_IRT,COE_UBR_LIM,EMEA,3,5,0,0,0.00,0,0.00,0,0.00%,87.76%,23.90%,13.70%,7.5,1.79,0.92
2021-11-01,BCP Support,COE_UBR_CAI,EMEA,0,2014,0,0,0.00,0,0.00,0,0.00%,0.00%,0.00%,0.00%,7.5,0.00,7.50
2021-11-01,India SA SORT,COE_UBR_HYD,APAC,3,0,0,0,0.00,0,0.00,0,0.00%,69.93%,0.00%,0.00%,7.5,0.00,2.25
2021-11-01,Restaurant Onboarding Specialist Netherlands,COE_UBR_LIS,EMEA,1,0,0,0,0.00,0,0.00,0,0.00%,0.00%,0.00%,101.67%,7.5,0.00,7.50
2021-11-01,IRT London Specialists,COE_UBR_LIM,EMEA,8,56,0,0,0.00,0,0.00,0,0.00%,47.92%,27.79%,22.76%,7.5,2.08,3.91
2021-11-01,US&C ASR Outbound Phones,COE_UBR_MNL,APAC,11,0,0,0,0.00,0,0.00,0,0.00%,83.59%,15.03%,5.33%,7.5,1.13,1.23
2021-11-01,Escalations,COE_UBR_SNJ,LatAm,16,358,155,2517,7.04,551,4.66,34,6.17%,50.97%,17.76%,6.23%,7.5,1.33,3.68
2021-11-01,US&C Insights Generation Rides DAP,COE_UBR_HYD,APAC,6,0,0,0,0.00,0,0.00,0,0.00%,16.85%,25.44%,0.64%,7.5,1.91,6.24
2021-11-01,Blank Staffing Group,COE_UBR_SNJ,LatAm,0,0,0,0,0.00,0,0.00,0,0.00%,26.86%,0.00%,0.00%,7.5,0.00,5.49
2021-11-01,Global U4B,COE_UBR_VTZ,APAC,0,0,0,0,0.00,0,0.00,0,0.00%,0.00%,0.00%,0.00%,7.5,0.00,7.50
2021-11-01,Unassigned,COE_UBR_CRK,APAC,0,0,2363,24390,0.00,1630,3.87,281,17.24%,0.00%,0.00%,0.00%,7.5,0.00,7.50
2021-11-01,ANZ Uber Direct,COE_UBR_CRK,APAC,0,0,0,0,0.00,0,0.00,0,0.00%,0.00%,0.00%,0.00%,7.5,0.00,7.50
2021-11-01,BGC: Project Specialist,COE_UBR_PHX,US & Canada,2,24,0,61,2.52,1,1.00,1,100.00%,11.26%,48.47%,87.03%,7.5,3.64,6.66
2021-11-01,FR_Eats,COE_UBR_LIS,EMEA,1,0,0,0,0.00,0,0.00,0,0.00%,26.00%,0.76%,93.11%,7.5,0.06,5.55
2021-11-01,APAC Analytics Customer Experience (CX),COE_UBR_HYD,APAC,7,0,0,0,0.00,0,0.00,0,0.00%,0.00%,0.00%,0.00%,7.5,0.00,7.50
2021-11-01,Global COE Training India SA IRT Safetyline,COE_UBR_HYD,APAC,1,0,0,0,0.00,0,0.00,0,0.00%,0.00%,0.00%,0.00%,7.5,0.00,7.50
2021-11-01,India SA Analytics Eats City Ops,COE_UBR_HYD,APAC,2,0,0,0,0.00,0,0.00,0,0.00%,0.00%,0.00%,0.00%,7.5,0.00,7.50
2021-11-01,Proactive monitoring Rides,COE_UBR_KRW,EMEA,6,0,0,0,0.00,0,0.00,0,0.00%,49.11%,22.59%,27.88%,7.5,1.69,3.82
2021-11-01,C360 Rides,COE_UBR_CHI,US & Canada,1,0,0,0,0.00,0,0.00,0,0.00%,0.00%,0.00%,0.00%,7.5,0.00,7.50
2021-11-01,Driver Escalations,COE_UBR_CHI,US & Canada,8,438,18,528,1.21,98,3.36,29,29.59%,50.64%,64.11%,65.17%,7.5,4.81,3.70
2021-11-01,U4B: Premium Support,COE_UBR_PHX,US & Canada,11,1425,0,467,0.33,18,4.11,3,16.67%,27.42%,18.60%,91.97%,7.5,1.39,5.44
2021-11-01,US&C Outreach Innovation Unified Onboarding,COE_UBR_CRK,APAC,68,1058,0,2,0.00,0,0.00,0,0.00%,67.73%,35.04%,8.12%,7.5,2.63,2.42
2021-11-01,BGC: JIRA,COE_UBR_CHI,US & Canada,0,0,0,113,0.00,0,0.00,0,0.00%,0.00%,0.00%,0.00%,7.5,0.00,7.50
2021-11-01,Italian EATS,COE_UBR_KRW,EMEA,8,741,478,863,1.16,140,3.34,36,25.71%,74.20%,22.56%,17.44%,7.5,1.69,1.94
2021-11-01,ANZ Compliance Check,COE_UBR_MNL,APAC,7,0,0,0,0.00,0,0.00,0,0.00%,0.00%,20.60%,20.99%,7.5,1.54,7.50
2021-11-01,null,COE_UBR_MNL,APAC,97,113750,0,0,0.00,0,0.00,0,0.00%,0.00%,51.09%,58.17%,7.5,3.83,7.50
2021-11-01,US&C IRT Non-Urgent,COE_UBR_CRK,APAC,14,74,0,0,0.00,0,0.00,0,0.00%,73.95%,52.35%,23.68%,7.5,3.93,1.95
2021-11-01,Global Shared Analytics Rides COPD Commops,COE_UBR_HYD,APAC,8,0,0,0,0.00,0,0.00,0,0.00%,0.00%,0.00%,0.00%,7.5,0.00,7.50
2021-11-01,India SA COE Agent Quality India SA IRT Safetyline,COE_UBR_HYD,APAC,1,0,0,0,0.00,0,0.00,0,0.00%,0.00%,0.00%,0.00%,7.5,0.00,7.50
2021-11-01,APAC COE P&E,COE_UBR_MNL,APAC,1,0,0,0,0.00,0,0.00,0,0.00%,0.00%,0.00%,0.00%,7.5,0.00,7.50
2021-11-01,SSA_IRTL3L4,COE_UBR_LIS,EMEA,0,0,0,1,0.00,0,0.00,0,0.00%,0.00%,0.00%,0.00%,7.5,0.00,7.50
2021-11-01,US&C Outreach Innovation Unified Onboarding,COE_UBR_VTZ,APAC,113,0,0,0,0.00,0,0.00,0,0.00%,34.90%,29.15%,0.83%,7.5,2.19,4.88
2021-11-01,Engagement Manager,COE_UBR_LIM,EMEA,1,0,0,0,0.00,0,0.00,0,0.00%,0.00%,0.00%,0.00%,7.5,0.00,7.50
2021-11-01,English - Eater & Courier,COE_UBR_KRW,EMEA,0,0,0,0,0.00,0,0.00,0,0.00%,0.00%,0.00%,0.00%,7.5,0.00,7.50
2021-11-01,Global Manager,COE_UBR_KRW,EMEA,1,0,0,0,0.00,0,0.00,0,0.00%,0.00%,0.00%,0.00%,7.5,0.00,7.50
2021-11-01,US&C IRT Chameleon,COE_UBR_MNL,APAC,0,0,0,2565,0.00,0,0.00,0,0.00%,0.00%,0.00%,0.00%,7.5,0.00,7.50
2021-11-01,Global WFM,COE_UBR_CRK,APAC,1,0,0,0,0.00,0,0.00,0,0.00%,0.00%,0.00%,0.00%,7.5,0.00,7.50
2021-11-01,APAC COE P&E Project Delivery,COE_UBR_MNL,APAC,1,0,0,0,0.00,0,0.00,0,0.00%,0.00%,0.00%,0.00%,7.5,0.00,7.50
2021-11-01,India SA Shared Analytics Quality Ops,COE_UBR_HYD,APAC,2,0,0,0,0.00,0,0.00,0,0.00%,0.00%,0.00%,0.00%,7.5,0.00,7.50
2021-11-01,Data Analyst IV,COE_UBR_SNJ,LatAm,2,0,0,0,0.00,0,0.00,0,0.00%,0.00%,85.54%,94.00%,7.5,6.42,7.50
2021-11-01,ANZ IRT Incidents (L1/L2),COE_UBR_MNL,APAC,0,0,142,265,0.00,16,3.56,2,12.50%,0.00%,0.00%,0.00%,7.5,0.00,7.50
2021-11-01,ANZ Restaurant Operations General Enquiries,COE_UBR_MNL,APAC,7,0,0,61,0.00,3,5.00,0,0.00%,92.46%,14.56%,10.80%,7.5,1.09,0.57
2021-11-01,Ops Commander,COE_UBR_KRW,EMEA,8,710,0,0,0.00,0,0.00,0,0.00%,0.00%,0.00%,0.00%,7.5,0.00,7.50
2021-11-01,AuditOps,COE_UBR_SNJ,LatAm,5,0,0,0,0.00,0,0.00,0,0.00%,15.65%,12.37%,19.85%,7.5,0.93,6.33
2021-11-01,English - Restaurant,COE_UBR_LIM,EMEA,14,1481,128,1869,1.26,41,2.10,28,68.29%,12.95%,32.90%,21.28%,7.5,2.47,6.53
2021-11-01,Taskforce,COE_UBR_SNJ,LatAm,0,0,0,0,0.00,0,0.00,0,0.00%,0.00%,0.00%,0.00%,7.5,0.00,7.50
2021-11-01,Risk Support,COE_UBR_SNJ,LatAm,38,399,3515,3525,8.84,503,4.00,65,12.92%,84.86%,32.18%,7.11%,7.5,2.41,1.14
2021-11-01,ANZ SRT,COE_UBR_MNL,APAC,16,200,0,0,0.00,0,0.00,0,0.00%,77.28%,38.57%,24.63%,7.5,2.89,1.70
2021-11-01,Global Shared Analytics Quality Ops,COE_UBR_VTZ,APAC,1,0,0,0,0.00,0,0.00,0,0.00%,17.00%,0.00%,0.00%,7.5,0.00,6.22
2021-11-01,C360,COE_UBR_LIM,EMEA,1,148,0,0,0.00,0,0.00,0,0.00%,0.00%,0.00%,0.00%,7.5,0.00,7.50
2021-11-01,Senior Team Leader,COE_UBR_CAI,EMEA,1,0,0,0,0.00,0,0.00,0,0.00%,0.00%,0.00%,0.00%,7.5,0.00,7.50
2021-11-01,Eats Restaurant Ops,COE_UBR_LIM,EMEA,3,391,0,641,1.64,34,2.15,23,67.65%,0.00%,26.86%,8.11%,7.5,2.01,7.50
2021-11-01,UKI CCP,COE_UBR_LIM,EMEA,1,0,0,0,0.00,0,0.00,0,0.00%,82.32%,42.26%,42.33%,7.5,3.17,1.33
2021-11-01,ANZ Analytics Eats Eater Ops,COE_UBR_HYD,APAC,3,0,0,0,0.00,0,0.00,0,0.00%,0.00%,0.00%,0.00%,7.5,0.00,7.50
2021-11-01,US&C Restaurant Support Restaurant Advanced Support,COE_UBR_MNL,APAC,0,0,0,0,0.00,0,0.00,0,0.00%,0.00%,0.00%,0.00%,7.5,0.00,7.50
2021-11-01,SSA_IRTPhone,COE_UBR_CAI,EMEA,3,191,0,7,0.04,0,0.00,0,0.00%,68.70%,23.81%,23.37%,7.5,1.79,2.35
2021-11-01,Senior Team Leader,COE_UBR_LIS,EMEA,1,26,0,0,0.00,0,0.00,0,0.00%,0.00%,0.00%,0.00%,7.5,0.00,7.50
2021-11-01,US&C Restaurant Operations Restaurant Safety Support,COE_UBR_MNL,APAC,0,0,0,112,0.00,0,0.00,0,0.00%,0.00%,0.00%,0.00%,7.5,0.00,7.50
2021-11-01,US&C Insights Generation Eats Courier,COE_UBR_HYD,APAC,6,0,27,2,0.00,0,0.00,0,0.00%,0.00%,0.00%,0.00%,7.5,0.00,7.50
2021-11-01,Legal,COE_UBR_BRA,LatAm,23,0,0,0,0.00,0,0.00,0,0.00%,37.66%,35.66%,2.25%,7.5,2.67,4.68
2021-11-01,null,COE_UBR_CRK,APAC,14,41337,0,0,0.00,0,0.00,0,0.00%,0.00%,20.06%,85.15%,7.5,1.50,7.50
2021-11-01,ANZ Restaurant Operations,COE_UBR_MNL,APAC,5,410,0,0,0.00,0,0.00,0,0.00%,0.00%,0.00%,93.60%,7.5,0.00,7.50
2021-11-01,ANZ Quality Support,COE_UBR_MNL,APAC,2,246,0,0,0.00,0,0.00,0,0.00%,0.00%,0.00%,0.00%,7.5,0.00,7.50
2021-11-01,US&C COE Agent Quality MFI Cleaning Fees,COE_UBR_HYD,APAC,1,0,0,0,0.00,0,0.00,0,0.00%,0.00%,0.00%,0.00%,7.5,0.00,7.50
2021-11-01,US&C ECR,COE_UBR_HYD,APAC,0,0,0,0,0.00,0,0.00,0,0.00%,0.00%,0.00%,0.00%,7.5,0.00,7.50
2021-11-01,UET: Churn Inbound,COE_UBR_CHI,US & Canada,7,892,0,991,1.11,36,2.11,24,66.67%,0.00%,30.43%,26.14%,7.5,2.28,7.50
2021-11-01,Fleet Partners,COE_UBR_SNJ,LatAm,25,91,0,0,0.00,0,0.00,0,0.00%,76.48%,22.03%,8.13%,7.5,1.65,1.76
2021-11-01,Workforce,COE_UBR_CHI,US & Canada,0,101,0,0,0.00,0,0.00,0,0.00%,0.00%,0.00%,0.00%,7.5,0.00,7.50
2021-11-01,Blank Staffing Group,COE_UBR_VTZ,APAC,0,0,0,0,0.00,0,0.00,0,0.00%,29.51%,0.00%,0.00%,7.5,0.00,5.29
2021-11-01,Global L&D Learning Experience Design,COE_UBR_MNL,APAC,5,0,0,0,0.00,0,0.00,0,0.00%,0.00%,0.00%,0.00%,7.5,0.00,7.50
2021-11-01,Global Analytics A&I Data Infrastructure,COE_UBR_HYD,APAC,3,0,0,0,0.00,0,0.00,0,0.00%,0.00%,0.00%,0.00%,7.5,0.00,7.50
2021-11-01,India SA Analytics S&P,COE_UBR_HYD,APAC,1,0,0,0,0.00,0,0.00,0,0.00%,0.00%,0.00%,0.00%,7.5,0.00,7.50
2021-11-01,India SA IRT L3/L4,COE_UBR_VTZ,APAC,19,359,258,671,1.87,74,4.20,10,13.51%,71.31%,24.55%,3.15%,7.5,1.84,2.15
2021-11-01,Eats Regional Comm Ops Coordinator,COE_UBR_LIM,EMEA,2,0,0,0,0.00,0,0.00,0,0.00%,0.00%,100.00%,16.11%,7.5,7.50,7.50
2021-11-01,Unassigned,COE_UBR_PHX,US & Canada,0,0,1851,8310,0.00,436,3.78,73,16.74%,0.00%,0.00%,0.00%,7.5,0.00,7.50
2021-11-01,U4B_CAI,COE_UBR_CAI,EMEA,1,890,0,74,0.08,1,5.00,0,0.00%,0.00%,0.00%,0.00%,7.5,0.00,7.50
2021-11-01,Senior Team Leader,COE_UBR_LIM,EMEA,6,0,0,0,0.00,0,0.00,0,0.00%,0.00%,0.00%,0.00%,7.5,0.00,7.50
2021-11-01,Restaurant Onboarding Specialist,COE_UBR_LIS,EMEA,1,0,0,0,0.00,0,0.00,0,0.00%,100.00%,0.00%,101.70%,7.5,0.00,0.00
2021-11-01,SIU Local Support,COE_UBR_BRA,LatAm,3,0,0,30,0.00,3,3.67,1,33.33%,71.96%,35.58%,6.19%,7.5,2.67,2.10
2021-11-01,India SA IRT Deactivations,COE_UBR_HYD,APAC,0,0,0,84,0.00,0,0.00,0,0.00%,0.00%,0.00%,0.00%,7.5,0.00,7.50
2021-11-01,US&C Freight Daytime Shipper Phones,COE_UBR_CRK,APAC,0,0,0,0,0.00,0,0.00,0,0.00%,0.00%,0.00%,0.00%,7.5,0.00,7.50
2021-11-01,Risk & Identity: Project Specialist,COE_UBR_PHX,US & Canada,5,0,0,0,0.00,0,0.00,0,0.00%,52.51%,5.00%,89.11%,7.5,0.38,3.56
2021-11-01,US&C Regional Quality,COE_UBR_MNL,APAC,57,0,0,0,0.00,0,0.00,0,0.00%,75.67%,12.08%,18.47%,7.5,0.91,1.83
2021-11-01,Unassigned,COE_UBR_VTZ,APAC,0,0,1086,20144,0.00,235,3.76,35,14.89%,0.00%,0.00%,0.00%,7.5,0.00,7.50
2021-11-01,US&C Mixed Safety Initiatives,COE_UBR_CRK,APAC,0,0,2,2,0.00,1,5.00,0,0.00%,0.00%,0.00%,0.00%,7.5,0.00,7.50
2021-11-01,Eats Regional Comm Ops Coordinator,COE_UBR_LIS,EMEA,3,0,0,0,0.00,0,0.00,0,0.00%,0.00%,0.00%,0.00%,7.5,0.00,7.50
2021-11-01,US&C Insights Generation Rides RAP,COE_UBR_HYD,APAC,7,0,0,0,0.00,0,0.00,0,0.00%,0.00%,0.00%,0.00%,7.5,0.00,7.50
2021-11-01,ANZ A&I IVT,COE_UBR_MNL,APAC,15,174,0,0,0.00,0,0.00,0,0.00%,66.44%,17.02%,28.45%,7.5,1.28,2.52
2021-11-01,U4B,COE_UBR_BRA,LatAm,27,0,0,4387,0.00,478,3.64,109,22.80%,60.41%,17.15%,4.04%,7.5,1.29,2.97
2021-11-01,ANZ Restaurant Operations Change of Ownership,COE_UBR_MNL,APAC,4,0,0,241,0.00,19,4.26,2,10.53%,31.09%,27.76%,7.47%,7.5,2.08,5.17
2021-11-01,India SA IRT L1/L2,COE_UBR_HYD,APAC,4,0,17,16,0.00,4,3.75,1,25.00%,38.04%,0.00%,0.00%,7.5,0.00,4.65
2021-11-01,EMEA Marketplace Monitoring,COE_UBR_MNL,APAC,9,0,0,0,0.00,0,0.00,0,0.00%,0.00%,17.78%,18.61%,7.5,1.33,7.50
2021-11-01,US&C IRT,COE_UBR_MNL,APAC,5,666,5282,9020,13.55,1152,3.60,222,19.27%,54.91%,25.01%,46.40%,7.5,1.88,3.38
2021-11-01,Learning and Development,COE_UBR_LIS,EMEA,10,0,0,0,0.00,0,0.00,0,0.00%,0.00%,0.00%,0.00%,7.5,0.00,7.50
2021-11-01,APAC COE P&E Engagement & Communications,COE_UBR_CRK,APAC,1,0,0,0,0.00,0,0.00,0,0.00%,0.00%,0.00%,0.00%,7.5,0.00,7.50
2021-11-01,BGC: QA-Checkr,COE_UBR_PHX,US & Canada,6,742,0,0,0.00,0,0.00,0,0.00%,0.00%,32.60%,30.06%,7.5,2.45,7.50
2021-11-01,India SA IRT L4+ Management Team,COE_UBR_HYD,APAC,9,0,0,100,0.00,1,5.00,0,0.00%,38.18%,17.33%,5.06%,7.5,1.30,4.64
2021-11-01,U4B Support,COE_UBR_LIM,EMEA,3,426,0,523,1.23,83,4.01,3,3.61%,29.07%,16.05%,18.86%,7.5,1.20,5.32
2021-11-01,US&C COE P&E Client Services,COE_UBR_MNL,APAC,3,0,0,0,0.00,0,0.00,0,0.00%,0.00%,0.00%,0.00%,7.5,0.00,7.50
2021-11-01,US&C COE P&E Regional Programs,COE_UBR_HYD,APAC,2,0,0,0,0.00,0,0.00,0,0.00%,0.00%,0.00%,0.00%,7.5,0.00,7.50
2021-11-01,US&C IRT L1/L2,COE_UBR_CRK,APAC,0,0,746,793,0.00,128,3.70,21,16.41%,0.00%,0.00%,0.00%,7.5,0.00,7.50
2021-11-01,Project Management,COE_UBR_SNJ,LatAm,5,0,0,0,0.00,0,0.00,0,0.00%,0.00%,0.00%,0.00%,7.5,0.00,7.50
2021-11-01,UKI Driver Ops,COE_UBR_LIM,EMEA,2,376,0,0,0.00,0,0.00,0,0.00%,0.00%,100.00%,0.00%,7.5,7.50,7.50
2021-11-01,Global L&D,COE_UBR_MNL,APAC,2,0,0,0,0.00,0,0.00,0,0.00%,0.00%,0.00%,0.00%,7.5,0.00,7.50
2021-11-01,North Asia Quality Support,COE_UBR_MNL,APAC,2,21,0,0,0.00,0,0.00,0,0.00%,0.00%,0.00%,0.00%,7.5,0.00,7.50
2021-11-01,APAC Engagement,COE_UBR_VTZ,APAC,1,0,0,0,0.00,0,0.00,0,0.00%,0.00%,0.00%,0.00%,7.5,0.00,7.50
2021-11-01,SAFE: Triage,COE_UBR_PHX,US & Canada,76,7346,9446,16161,2.20,2233,3.92,287,12.85%,60.40%,36.45%,32.79%,7.5,2.73,2.97
2021-11-01,Enterprise Account Coordinator Spain,COE_UBR_LIS,EMEA,1,0,0,0,0.00,0,0.00,0,0.00%,75.34%,100.38%,87.99%,7.5,7.53,1.85
2021-11-01,US&C COE P&E Project Delivery,COE_UBR_MNL,APAC,1,0,0,0,0.00,0,0.00,0,0.00%,0.00%,0.00%,0.00%,7.5,0.00,7.50
2021-11-01,Central Ops: Project Specialist,COE_UBR_PHX,US & Canada,9,0,0,0,0.00,0,0.00,0,0.00%,38.35%,0.96%,99.25%,7.5,0.07,4.62
2021-11-01,null,COE_UBR_PHX,US & Canada,65,1076,0,0,0.00,0,0.00,0,0.00%,0.00%,91.30%,47.22%,7.5,6.85,7.50
2021-11-01,Enterprise Account Coordinator French - Eater & Courier,COE_UBR_LIS,EMEA,1,0,0,0,0.00,0,0.00,0,0.00%,0.00%,6.41%,46.06%,7.5,0.48,7.50
2021-11-01,Netherlands,COE_UBR_LIS,EMEA,6,544,693,712,1.31,105,3.10,32,30.48%,74.59%,17.50%,25.84%,7.5,1.31,1.91
2021-11-01,India SA IRT Safetyline,COE_UBR_VTZ,APAC,55,762,984,23382,30.67,1645,3.58,380,23.10%,39.20%,22.07%,3.61%,7.5,1.65,4.56
2021-11-01,India SA COE Analytics India SA IRT Safetyline,COE_UBR_HYD,APAC,1,0,0,0,0.00,0,0.00,0,0.00%,0.00%,0.00%,0.00%,7.5,0.00,7.50
2021-11-01,WFM,COE_UBR_SNJ,LatAm,21,0,0,160,0.00,23,5.00,0,0.00%,0.00%,0.00%,0.00%,7.5,0.00,7.50
2021-11-01,EMEA_Urgent_Triage,COE_UBR_CAI,EMEA,14,1611,0,0,0.00,0,0.00,0,0.00%,44.81%,27.84%,16.79%,7.5,2.09,4.14
2021-11-01,Global Product Services Process Harmonisation,COE_UBR_HYD,APAC,4,0,0,0,0.00,0,0.00,0,0.00%,0.00%,0.00%,0.00%,7.5,0.00,7.50
2021-11-01,Taskforce,COE_UBR_BRA,LatAm,0,0,0,0,0.00,0,0.00,0,0.00%,0.00%,0.00%,0.00%,7.5,0.00,7.50
2021-11-01,US&C ASR,COE_UBR_CRK,APAC,3,447,1534,1480,3.31,105,3.21,33,31.43%,0.00%,0.00%,0.00%,7.5,0.00,7.50
2021-11-01,SPOT,COE_UBR_CHI,US & Canada,1,0,0,0,0.00,0,0.00,0,0.00%,0.00%,10.23%,24.89%,7.5,0.77,7.50
2021-11-01,Restaurant Onboarding Specialist French - Eater & Courier,COE_UBR_LIS,EMEA,1,0,0,0,0.00,0,0.00,0,0.00%,100.00%,0.00%,97.47%,7.5,0.00,0.00
2021-11-01,Unassigned,COE_UBR_BRA,LatAm,0,0,114,7159,0.00,270,4.56,24,8.89%,0.00%,0.00%,0.00%,7.5,0.00,7.50
2021-11-01,SME,COE_UBR_KRW,EMEA,8,75,0,0,0.00,0,0.00,0,0.00%,54.41%,84.91%,73.63%,7.5,6.37,3.42
2021-11-01,Program Manager,COE_UBR_LIM,EMEA,1,0,0,0,0.00,0,0.00,0,0.00%,0.00%,0.00%,0.00%,7.5,0.00,7.50
2021-11-01,CRT Global,COE_UBR_SNJ,LatAm,0,0,0,0,0.00,0,0.00,0,0.00%,0.00%,0.00%,0.00%,7.5,0.00,7.50
2021-11-01,US&C IRT Deactivations,COE_UBR_CRK,APAC,0,0,0,1088,0.00,0,0.00,0,0.00%,0.00%,0.00%,0.00%,7.5,0.00,7.50
2021-11-01,APAC Project Exceed,COE_UBR_MNL,APAC,8,195,0,0,0.00,0,0.00,0,0.00%,39.06%,20.50%,13.60%,7.5,1.54,4.57
2021-11-01,India SA Fraud ASR,COE_UBR_HYD,APAC,7,0,1089,2926,0.00,1,1.00,1,100.00%,81.05%,14.62%,2.86%,7.5,1.10,1.42
2021-11-01,US&C Insights Generation Rides DT,COE_UBR_HYD,APAC,6,0,0,0,0.00,0,0.00,0,0.00%,0.00%,0.00%,0.00%,7.5,0.00,7.50
2021-11-01,Operation Support,COE_UBR_LIM,EMEA,0,203,0,0,0.00,0,0.00,0,0.00%,0.00%,0.00%,0.00%,7.5,0.00,7.50
2021-11-01,GDPR,COE_UBR_KRW,EMEA,4,395,0,0,0.00,0,0.00,0,0.00%,0.00%,0.00%,0.00%,7.5,0.00,7.50
2021-11-01,null,COE_UBR_LIS,EMEA,46,11446,0,0,0.00,0,0.00,0,0.00%,0.00%,73.07%,25.50%,7.5,5.48,7.50
2021-11-01,UKI_SORT,COE_UBR_LIM,EMEA,3,141,0,4,0.03,0,0.00,0,0.00%,63.94%,13.44%,13.74%,7.5,1.01,2.70
2021-11-01,Poland,COE_UBR_KRW,EMEA,10,1212,1361,1764,1.46,187,3.25,57,30.48%,79.31%,38.24%,22.82%,7.5,2.87,1.55
2021-11-01,QA,COE_UBR_BRA,LatAm,24,0,0,0,0.00,0,0.00,0,0.00%,51.66%,0.00%,0.00%,7.5,0.00,3.63
2021-11-01,Quality,COE_UBR_CAI,EMEA,25,2501,0,0,0.00,0,0.00,0,0.00%,38.33%,1.83%,70.42%,7.5,0.14,4.62
2021-11-01,Senior COE Manager,COE_UBR_LIM,EMEA,2,0,0,0,0.00,0,0.00,0,0.00%,0.00%,0.00%,0.00%,7.5,0.00,7.50
2021-11-01,India SA ECR,COE_UBR_VTZ,APAC,0,0,7,0,0.00,0,0.00,0,0.00%,0.00%,0.00%,0.00%,7.5,0.00,7.50
2021-11-01,Global COE Training India SA IRT L3/L4,COE_UBR_HYD,APAC,5,0,0,0,0.00,0,0.00,0,0.00%,0.00%,0.00%,0.00%,7.5,0.00,7.50
2021-11-01,SSA_Rider_T2,COE_UBR_CAI,EMEA,4,482,1685,1890,3.92,170,3.68,26,15.29%,82.55%,22.83%,28.13%,7.5,1.71,1.31
2021-11-01,India SA BPO Quality SLBD,COE_UBR_HYD,APAC,1,0,0,0,0.00,0,0.00,0,0.00%,0.00%,0.00%,0.00%,7.5,0.00,7.50
2021-11-01,North Asia Shared Analytics Rides S&P Ops,COE_UBR_HYD,APAC,2,0,0,0,0.00,0,0.00,0,0.00%,0.00%,0.00%,0.00%,7.5,0.00,7.50
2021-11-01,Unassigned,COE_UBR_CHI,US & Canada,0,0,1973,12941,0.00,747,3.71,157,21.02%,0.00%,0.00%,0.00%,7.5,0.00,7.50
2021-11-01,Engagement Specialist,COE_UBR_LIM,EMEA,2,0,0,0,0.00,0,0.00,0,0.00%,0.00%,0.00%,0.00%,7.5,0.00,7.50
2021-11-01,Blank Staffing Group,COE_UBR_HYD,APAC,0,0,0,0,0.00,0,0.00,0,0.00%,93.39%,0.00%,0.00%,7.5,0.00,0.50
2021-11-01,Blank Staffing Group,COE_UBR_MNL,APAC,0,0,0,0,0.00,0,0.00,0,0.00%,60.08%,0.00%,0.00%,7.5,0.00,2.99
2021-11-01,US&C Quality Support,COE_UBR_MNL,APAC,9,1151,0,0,0.00,0,0.00,0,0.00%,0.00%,0.00%,0.00%,7.5,0.00,7.50
2021-11-01,US&C ECR BBB Escalations,COE_UBR_HYD,APAC,14,0,0,0,0.00,0,0.00,0,0.00%,40.17%,17.21%,2.46%,7.5,1.29,4.49
2021-11-01,US&C Fraud BGC,COE_UBR_HYD,APAC,37,0,0,0,0.00,0,0.00,0,0.00%,18.96%,27.92%,2.93%,7.5,2.09,6.08
2021-11-01,India SA IRT Safetyline,COE_UBR_HYD,APAC,3,96,12,1536,15.94,169,4.12,27,15.98%,73.52%,18.19%,1.92%,7.5,1.36,1.99
2021-11-01,Assistant_Team_Lead_German,COE_UBR_LIS,EMEA,1,0,0,0,0.00,0,0.00,0,0.00%,57.36%,5.93%,101.16%,7.5,0.44,3.20
2021-11-01,SLOs,COE_UBR_CAI,EMEA,2,0,0,0,0.00,0,0.00,0,0.00%,49.44%,100.00%,100.00%,7.5,7.50,3.79
2021-11-01,EMEA Policy Specialist,COE_UBR_CAI,EMEA,1,0,0,0,0.00,0,0.00,0,0.00%,0.00%,0.00%,0.00%,7.5,0.00,7.50
2021-11-01,Service Recovery,COE_UBR_CHI,US & Canada,21,0,0,0,0.00,0,0.00,0,0.00%,83.10%,31.65%,69.49%,7.5,2.37,1.27
2021-11-01,BCP Support,COE_UBR_LIS,EMEA,0,339,36,73,0.22,6,2.00,4,66.67%,0.00%,0.00%,0.00%,7.5,0.00,7.50
2021-11-01,Learning and Development,COE_UBR_LIM,EMEA,5,2,0,0,0.00,0,0.00,0,0.00%,0.00%,0.00%,0.00%,7.5,0.00,7.50
2021-11-01,KYC,COE_UBR_KRW,EMEA,18,1721,0,0,0.00,0,0.00,0,0.00%,45.96%,30.54%,32.34%,7.5,2.29,4.05
2021-11-01,Global Product Services App Review-Process Harmonisation,COE_UBR_HYD,APAC,1,0,0,0,0.00,0,0.00,0,0.00%,0.00%,0.00%,0.00%,7.5,0.00,7.50
2021-11-01,null,COE_UBR_LIM,EMEA,44,2580,0,0,0.00,0,0.00,0,0.00%,0.00%,41.07%,32.01%,7.5,3.08,7.50
2021-11-01,US&C Global Quality,COE_UBR_MNL,APAC,2,0,0,0,0.00,0,0.00,0,0.00%,0.00%,0.00%,0.00%,7.5,0.00,7.50
2021-11-01,NDM - Social,COE_UBR_CHI,US & Canada,10,1300,0,0,0.00,0,0.00,0,0.00%,43.33%,21.06%,14.76%,7.5,1.58,4.25
2021-11-01,Site Lead,COE_UBR_KRW,EMEA,1,0,0,0,0.00,0,0.00,0,0.00%,0.00%,0.00%,0.00%,7.5,0.00,7.50
2021-11-01,Program Specialist,COE_UBR_LIS,EMEA,5,0,0,111,0.00,0,0.00,0,0.00%,0.00%,0.00%,0.00%,7.5,0.00,7.50
2021-11-01,EMEA Policy Specialist,COE_UBR_LIM,EMEA,1,0,0,0,0.00,0,0.00,0,0.00%,0.00%,75.31%,90.56%,7.5,5.65,7.50
2021-11-01,US&C Insights Generation Eats Earner,COE_UBR_HYD,APAC,5,0,0,0,0.00,0,0.00,0,0.00%,0.00%,0.00%,0.00%,7.5,0.00,7.50
2021-11-01,BGC: QA-Canada,COE_UBR_PHX,US & Canada,1,88,0,0,0.00,0,0.00,0,0.00%,47.17%,20.36%,24.83%,7.5,1.53,3.96
2021-11-01,India SA COE Agent Quality India SA IRT L3/L4,COE_UBR_HYD,APAC,5,0,0,0,0.00,0,0.00,0,0.00%,0.00%,0.00%,0.00%,7.5,0.00,7.50
2021-11-01,India SA Shared Analytics U4B Sales Ops,COE_UBR_HYD,APAC,1,0,0,0,0.00,0,0.00,0,0.00%,0.00%,0.00%,0.00%,7.5,0.00,7.50
2021-11-01,US&C Fraud,COE_UBR_HYD,APAC,1,0,0,0,0.00,0,0.00,0,0.00%,0.00%,0.00%,0.00%,7.5,0.00,7.50
2021-11-01,FRCHBE_Driver_T2,COE_UBR_LIS,EMEA,13,1255,593,1776,1.41,181,3.44,47,25.97%,82.74%,20.44%,19.40%,7.5,1.53,1.29
2021-11-01,Global COE Training,COE_UBR_HYD,APAC,3,0,0,0,0.00,0,0.00,0,0.00%,0.00%,0.00%,0.00%,7.5,0.00,7.50
2021-11-01,Workforce,COE_UBR_PHX,US & Canada,7,1037,0,882,0.85,45,4.47,6,13.33%,0.00%,0.00%,0.00%,7.5,0.00,7.50
2021-11-01,Quality,COE_UBR_KRW,EMEA,20,1683,0,0,0.00,0,0.00,0,0.00%,0.00%,22.53%,40.96%,7.5,1.69,7.50
2021-11-01,US&C Mixed Safety Initiatives,COE_UBR_MNL,APAC,19,34,47,45,1.33,6,4.50,0,0.00%,42.71%,32.69%,10.45%,7.5,2.45,4.30
2021-11-01,FR_IRT,COE_UBR_LIS,EMEA,1,126,0,0,0.00,0,0.00,0,0.00%,0.00%,0.00%,0.00%,7.5,0.00,7.50
2021-11-01,Appeals Ops,COE_UBR_CAI,EMEA,3,0,0,0,0.00,0,0.00,0,0.00%,0.00%,35.90%,14.00%,7.5,2.69,7.50
2021-11-01,APAC Analytics,COE_UBR_HYD,APAC,1,0,0,0,0.00,0,0.00,0,0.00%,0.00%,0.00%,0.00%,7.5,0.00,7.50
2021-11-01,Global Global HRSS People Support,COE_UBR_MNL,APAC,0,0,0,0,0.00,0,0.00,0,0.00%,0.00%,0.00%,0.00%,7.5,0.00,7.50
2021-11-01,None,COE_UBR_MNL,APAC,9,0,0,0,0.00,0,0.00,0,0.00%,10.58%,29.56%,0.40%,7.5,2.22,6.71
2021-11-01,Eats Compliance Coordinator Portuguese - Eats,COE_UBR_LIS,EMEA,2,0,0,0,0.00,0,0.00,0,0.00%,66.42%,0.00%,97.01%,7.5,0.00,2.52
2021-11-01,ANZ MCE,COE_UBR_MNL,APAC,0,0,1005,1218,0.00,150,3.20,43,28.67%,0.00%,0.00%,0.00%,7.5,0.00,7.50
2021-11-01,Global U4B HYD,COE_UBR_HYD,APAC,34,279,0,0,0.00,0,0.00,0,0.00%,48.71%,45.71%,3.76%,7.5,3.43,3.85
2021-11-01,US&C COE Analytics Fi0ce & Accounting,COE_UBR_HYD,APAC,1,0,0,0,0.00,0,0.00,0,0.00%,0.00%,0.00%,0.00%,7.5,0.00,7.50
2021-11-01,Jamaica,COE_UBR_SNJ,LatAm,10,155,548,550,3.55,100,4.01,7,7.00%,81.36%,30.60%,8.21%,7.5,2.29,1.40
2021-11-01,US&C Policy Adjudication,COE_UBR_MNL,APAC,17,15,1945,2001,133.22,259,3.93,29,11.20%,21.34%,25.63%,7.27%,7.5,1.92,5.90
2021-11-01,null,COE_UBR_VTZ,APAC,20,33640,0,0,0.00,0,0.00,0,0.00%,0.00%,48.36%,3.37%,7.5,3.63,7.50
2021-11-01,US&C Freight TONU,COE_UBR_MNL,APAC,12,171,0,0,0.00,0,0.00,0,0.00%,6.70%,73.44%,12.38%,7.5,5.51,7.00
2021-11-01,ANZ Agent Quality,COE_UBR_CRK,APAC,1,0,0,0,0.00,0,0.00,0,0.00%,0.00%,0.00%,0.00%,7.5,0.00,7.50
2021-11-01,ANZ Level 2 Rides,COE_UBR_MNL,APAC,18,64,4956,5503,86.40,534,3.09,172,32.21%,81.03%,17.09%,21.70%,7.5,1.28,1.42
2021-11-01,IRT L3/L4 Local Support,COE_UBR_BRA,LatAm,8,0,361,660,0.00,50,4.26,4,8.00%,33.92%,17.83%,2.64%,7.5,1.34,4.96
2021-11-01,US&C Fraud Driver Fraud,COE_UBR_HYD,APAC,2,0,0,0,0.00,0,0.00,0,0.00%,21.02%,43.85%,2.05%,7.5,3.29,5.92
2021-11-01,U4B: Health,COE_UBR_PHX,US & Canada,18,2174,2,3,0.00,0,0.00,0,0.00%,45.84%,37.01%,42.68%,7.5,2.78,4.06
2021-11-01,IRT L3/L4,COE_UBR_BRA,LatAm,84,3,6186,15017,"4,782.48",1741,4.34,110,6.32%,62.54%,20.39%,5.30%,7.5,1.53,2.81
2021-11-01,UKI Breach Management Coordinator,COE_UBR_LIM,EMEA,1,0,0,0,0.00,0,0.00,0,0.00%,21.91%,100.00%,100.00%,7.5,7.50,5.86
2021-11-01,UKI Regulatory Support - Night,COE_UBR_LIM,EMEA,3,0,0,0,0.00,0,0.00,0,0.00%,28.00%,10.94%,18.22%,7.5,0.82,5.40
2021-11-01,ANZ Regional Quality,COE_UBR_MNL,APAC,31,95,0,0,0.00,0,0.00,0,0.00%,0.00%,100.00%,100.78%,7.5,7.50,7.50
2021-11-01,India SA SORT Rides,COE_UBR_MNL,APAC,0,0,0,0,0.00,0,0.00,0,0.00%,0.00%,0.00%,0.00%,7.5,0.00,7.50
2021-11-01,Merchant: Task Force,COE_UBR_CHI,US & Canada,11,753,0,0,0.00,0,0.00,0,0.00%,21.41%,29.76%,30.19%,7.5,2.23,5.89
2021-11-01,U4B: Project Specialist,COE_UBR_PHX,US & Canada,3,40,0,0,0.00,0,0.00,0,0.00%,39.05%,88.49%,100.44%,7.5,6.64,4.57
2021-11-01,null,COE_UBR_CAI,EMEA,22,3093,0,0,0.00,0,0.00,0,0.00%,0.00%,0.01%,23.37%,7.5,0.00,7.50
2021-11-01,Assistant_Team_Lead_Spanish - Eats,COE_UBR_LIS,EMEA,1,0,0,0,0.00,0,0.00,0,0.00%,83.97%,8.79%,100.50%,7.5,0.66,1.20
2021-11-01,ANZ Funnel Proactive,COE_UBR_CRK,APAC,11,182,0,0,0.00,0,0.00,0,0.00%,82.09%,27.94%,8.36%,7.5,2.10,1.34
2021-11-01,German EATS,COE_UBR_LIS,EMEA,0,0,0,140,0.00,5,1.20,4,80.00%,0.00%,0.00%,0.00%,7.5,0.00,7.50
2021-11-01,Commander,COE_UBR_PHX,US & Canada,29,3779,0,1,0.00,0,0.00,0,0.00%,0.00%,0.00%,0.00%,7.5,0.00,7.50
2021-11-01,APAC COE Agent Quality Global U4B,COE_UBR_HYD,APAC,2,0,0,0,0.00,0,0.00,0,0.00%,0.00%,0.00%,0.00%,7.5,0.00,7.50
2021-11-01,US&C Incubation Rides Ops,COE_UBR_HYD,APAC,0,0,0,0,0.00,0,0.00,0,0.00%,0.00%,0.00%,0.00%,7.5,0.00,7.50
2021-11-01,Iberia_Eats,COE_UBR_LIS,EMEA,1,0,0,0,0.00,0,0.00,0,0.00%,0.00%,4.67%,22.32%,7.5,0.35,7.50
2021-11-01,EMEA Manager,COE_UBR_LIM,EMEA,1,0,0,0,0.00,0,0.00,0,0.00%,0.00%,0.00%,0.00%,7.5,0.00,7.50
2021-11-01,APAC COE P&E Organizational Excellence,COE_UBR_HYD,APAC,4,0,0,0,0.00,0,0.00,0,0.00%,0.00%,0.00%,0.00%,7.5,0.00,7.50
2021-11-01,US&C Shared Analytics U4B Sales Ops,COE_UBR_HYD,APAC,1,0,0,0,0.00,0,0.00,0,0.00%,0.00%,0.00%,0.00%,7.5,0.00,7.50
2021-11-01,Analytics,COE_UBR_CRK,APAC,0,0,0,0,0.00,0,0.00,0,0.00%,0.00%,0.00%,0.00%,7.5,0.00,7.50
2021-11-01,US&C ASR Messaging,COE_UBR_CRK,APAC,49,41,34,36,0.88,4,4.00,0,0.00%,86.83%,23.08%,6.58%,7.5,1.73,0.99
2021-11-01,APAC Product Services VOC Insights,COE_UBR_HYD,APAC,9,0,0,0,0.00,0,0.00,0,0.00%,0.00%,0.00%,0.00%,7.5,0.00,7.50
2021-11-01,Site Lead,COE_UBR_LIM,EMEA,1,0,0,0,0.00,0,0.00,0,0.00%,0.00%,0.00%,0.00%,7.5,0.00,7.50
2021-11-01,APAC COE Analytics Enabling Services,COE_UBR_HYD,APAC,2,0,0,0,0.00,0,0.00,0,0.00%,0.00%,0.00%,0.00%,7.5,0.00,7.50
2021-11-01,India SA Gover0ce SLBD Eats,COE_UBR_HYD,APAC,2,0,0,0,0.00,0,0.00,0,0.00%,0.00%,0.00%,0.00%,7.5,0.00,7.50
2021-11-01,Global Analytics A&I GDX,COE_UBR_HYD,APAC,5,0,0,0,0.00,0,0.00,0,0.00%,0.00%,0.00%,0.00%,7.5,0.00,7.50
2021-11-01,US&C Insights Generation DAP,COE_UBR_HYD,APAC,0,0,0,0,0.00,0,0.00,0,0.00%,0.00%,0.00%,0.00%,7.5,0.00,7.50
2021-11-01,US&C Insights Generation DT,COE_UBR_HYD,APAC,0,0,0,0,0.00,0,0.00,0,0.00%,0.00%,0.00%,0.00%,7.5,0.00,7.50
2021-11-01,Program Specialist,COE_UBR_CAI,EMEA,6,160,0,0,0.00,0,0.00,0,0.00%,100.00%,0.00%,0.00%,7.5,0.00,0.00
2021-11-01,Content Specialist,COE_UBR_PHX,US & Canada,0,162,0,0,0.00,0,0.00,0,0.00%,0.00%,0.00%,0.00%,7.5,0.00,7.50
2021-11-01,Systems Support,COE_UBR_KRW,EMEA,9,1082,0,0,0.00,0,0.00,0,0.00%,0.00%,0.00%,0.00%,7.5,0.00,7.50
2021-11-01,Analyst,COE_UBR_LIM,EMEA,9,411,0,0,0.00,0,0.00,0,0.00%,0.00%,0.00%,0.00%,7.5,0.00,7.50
2021-11-01,SAFE: C360,COE_UBR_PHX,US & Canada,0,277,0,91,0.33,3,5.00,0,0.00%,0.00%,0.00%,0.00%,7.5,0.00,7.50
2021-11-01,US&C ASR Messaging,COE_UBR_HYD,APAC,0,0,0,0,0.00,0,0.00,0,0.00%,0.00%,0.00%,0.00%,7.5,0.00,7.50
2021-11-01,US&C Restaurant Support Restaurant Advanced Support,COE_UBR_CRK,APAC,73,877,0,12120,13.82,263,3.19,104,39.54%,6.26%,31.91%,6.96%,7.5,2.39,7.03
2021-11-01,Merchant: Premium Support,COE_UBR_CHI,US & Canada,64,3063,0,0,0.00,0,0.00,0,0.00%,45.27%,28.32%,34.85%,7.5,2.12,4.10
2021-11-01,US&C Fraud OTT,COE_UBR_HYD,APAC,14,0,0,0,0.00,0,0.00,0,0.00%,16.94%,25.15%,1.57%,7.5,1.89,6.23
2021-11-01,APAC Shared Analytics Eats Regional Ops,COE_UBR_HYD,APAC,2,0,0,0,0.00,0,0.00,0,0.00%,0.00%,0.00%,0.00%,7.5,0.00,7.50
2021-11-01,Iberia IRT L1L2,COE_UBR_LIS,EMEA,0,0,0,0,0.00,0,0.00,0,0.00%,0.00%,0.00%,0.00%,7.5,0.00,7.50
2021-11-01,Blank Staffing Group,COE_UBR_CRK,APAC,0,0,0,0,0.00,0,0.00,0,0.00%,100.00%,0.00%,0.00%,7.5,0.00,0.00
2021-11-01,US&C COE Analytics Global Quality,COE_UBR_HYD,APAC,1,0,0,0,0.00,0,0.00,0,0.00%,0.00%,0.00%,0.00%,7.5,0.00,7.50
2021-11-01,SAFE: FP,COE_UBR_PHX,US & Canada,42,3891,353,6684,1.72,154,3.75,25,16.23%,60.53%,39.71%,52.05%,7.5,2.98,2.96
2021-11-01,Portuguese - EATS,COE_UBR_LIS,EMEA,0,0,0,1146,0.00,27,3.00,9,33.33%,0.00%,0.00%,0.00%,7.5,0.00,7.50
2021-11-01,Leadership,COE_UBR_CHI,US & Canada,30,143,0,0,0.00,0,0.00,0,0.00%,72.14%,77.18%,0.00%,7.5,5.79,2.09
2021-11-01,DACT,COE_UBR_BRA,LatAm,6,0,0,1164,0.00,0,0.00,0,0.00%,26.70%,9.51%,5.93%,7.5,0.71,5.50
2021-11-01,Analyst,COE_UBR_KRW,EMEA,4,0,0,0,0.00,0,0.00,0,0.00%,38.91%,0.11%,65.88%,7.5,0.01,4.58
2021-11-01,APAC Analytics Digital Experience (DX),COE_UBR_HYD,APAC,1,0,0,0,0.00,0,0.00,0,0.00%,0.00%,0.00%,0.00%,7.5,0.00,7.50
2021-11-01,North Asia Regional Quality,COE_UBR_MNL,APAC,2,0,0,0,0.00,0,0.00,0,0.00%,0.00%,0.00%,0.00%,7.5,0.00,7.50
2021-11-01,Senior Team Leader,COE_UBR_KRW,EMEA,1,0,0,0,0.00,0,0.00,0,0.00%,0.00%,0.00%,0.00%,7.5,0.00,7.50
2021-11-01,Spain,COE_UBR_LIS,EMEA,9,787,1326,1565,1.99,160,3.31,43,26.88%,85.33%,50.01%,26.66%,7.5,3.75,1.10
2021-11-01,Eats Compliance,COE_UBR_LIM,EMEA,4,405,2,218,0.54,0,0.00,0,0.00%,0.00%,26.48%,13.91%,7.5,1.99,7.50
2021-11-01,U4B Sales,COE_UBR_LIM,EMEA,4,1379,0,0,0.00,0,0.00,0,0.00%,0.00%,17.81%,24.92%,7.5,1.34,7.50
2021-11-01,HCV Support,COE_UBR_CAI,EMEA,9,497,3186,3455,6.95,418,3.08,120,28.71%,82.54%,17.63%,49.45%,7.5,1.32,1.31
2021-11-01,Italy,COE_UBR_KRW,EMEA,7,682,511,639,0.94,112,3.78,20,17.86%,86.21%,27.88%,14.07%,7.5,2.09,1.03
2021-11-01,Spanish - Eats,COE_UBR_LIS,EMEA,16,1299,238,1781,1.37,61,2.33,35,57.38%,61.78%,25.03%,15.17%,7.5,1.88,2.87
2021-11-01,UKI_Driver_T2,COE_UBR_LIM,EMEA,12,822,379,1106,1.35,107,3.71,24,22.43%,62.35%,41.64%,41.67%,7.5,3.12,2.82
2021-11-01,Ops Enablement - Rides,COE_UBR_KRW,EMEA,14,1487,0,0,0.00,0,0.00,0,0.00%,0.00%,26.74%,24.24%,7.5,2.01,7.50
2021-11-01,North Asia Quality SK Rides,COE_UBR_MNL,APAC,1,0,0,0,0.00,0,0.00,0,0.00%,0.00%,0.00%,0.00%,7.5,0.00,7.50
2021-11-01,Sweden Eats,COE_UBR_LIM,EMEA,5,0,0,0,0.00,0,0.00,0,0.00%,0.00%,100.00%,7.02%,7.5,7.50,7.50
2021-11-01,India SA Shared Analytics Rentals & Intercity,COE_UBR_HYD,APAC,1,0,0,0,0.00,0,0.00,0,0.00%,0.00%,0.00%,0.00%,7.5,0.00,7.50
2021-11-01,Enterprise Account Coordinator Spanish - Eats,COE_UBR_LIS,EMEA,1,0,0,0,0.00,0,0.00,0,0.00%,0.00%,84.69%,92.34%,7.5,6.35,7.50
2021-11-01,ANZ NIRC,COE_UBR_MNL,APAC,21,219,0,0,0.00,0,0.00,0,0.00%,45.65%,24.74%,7.33%,7.5,1.86,4.08
2021-11-01,Rides Document Compliance,COE_UBR_LIM,EMEA,18,3699,0,0,0.00,0,0.00,0,0.00%,55.77%,23.28%,11.47%,7.5,1.75,3.32
2021-11-01,Global Fraud Core Services,COE_UBR_HYD,APAC,2,0,0,0,0.00,0,0.00,0,0.00%,0.00%,0.00%,0.00%,7.5,0.00,7.50
2021-11-01,India SA Shared Analytics Supply Growth & Quality Ops,COE_UBR_HYD,APAC,3,0,0,0,0.00,0,0.00,0,0.00%,0.00%,0.00%,0.00%,7.5,0.00,7.50
2021-11-01,SLOs,COE_UBR_KRW,EMEA,1,0,0,0,0.00,0,0.00,0,0.00%,29.66%,100.53%,83.48%,7.5,7.54,5.28
2021-11-01,US&C Policy Adjudication,COE_UBR_CRK,APAC,8,0,546,563,0.00,54,4.00,5,9.26%,32.23%,19.83%,3.98%,7.5,1.49,5.08
2021-11-01,ANZ Funnel L2 Escalations,COE_UBR_MNL,APAC,15,179,1448,20893,116.41,1005,4.23,79,7.86%,71.57%,25.54%,26.62%,7.5,1.92,2.13
2021-11-01,Portugal U4B Support,COE_UBR_LIS,EMEA,3,0,0,0,0.00,0,0.00,0,0.00%,81.56%,11.75%,22.71%,7.5,0.88,1.38
2021-11-01,CDMX,COE_UBR_SNJ,LatAm,4,0,0,0,0.00,0,0.00,0,0.00%,0.00%,14.62%,6.96%,7.5,1.10,7.50
2021-11-01,Global U4B,COE_UBR_CRK,APAC,0,0,59,99,0.00,2,4.50,0,0.00%,0.00%,0.00%,0.00%,7.5,0.00,7.50
2021-11-01,Beyond Support Coordinator,COE_UBR_CAI,EMEA,3,0,0,0,0.00,0,0.00,0,0.00%,0.16%,0.80%,23.65%,7.5,0.06,7.49
2021-11-01,Global COE Agent Quality Product Triage,COE_UBR_HYD,APAC,2,0,0,0,0.00,0,0.00,0,0.00%,0.00%,0.00%,0.00%,7.5,0.00,7.50
2021-11-01,BGC: Canada,COE_UBR_PHX,US & Canada,29,3689,0,2540,0.69,1,1.00,1,100.00%,59.98%,16.37%,64.74%,7.5,1.23,3.00
2021-11-01,WFM,COE_UBR_LIM,EMEA,0,292,0,0,0.00,0,0.00,0,0.00%,0.00%,0.00%,0.00%,7.5,0.00,7.50
2021-11-01,Enablement Operation Manager,COE_UBR_KRW,EMEA,2,0,0,0,0.00,0,0.00,0,0.00%,0.00%,0.00%,0.00%,7.5,0.00,7.50
2021-11-01,US&C Insights Generation Eats Eater,COE_UBR_HYD,APAC,6,0,27,26,0.00,5,4.00,0,0.00%,0.00%,0.00%,0.00%,7.5,0.00,7.50
2021-11-01,Freight: Other,COE_UBR_CHI,US & Canada,0,0,0,176,0.00,0,0.00,0,0.00%,0.00%,0.00%,0.00%,7.5,0.00,7.50
2021-11-01,India SA Fraud Driver Fraud,COE_UBR_HYD,APAC,14,0,0,1507,0.00,0,0.00,0,0.00%,48.71%,21.31%,3.99%,7.5,1.60,3.85
2021-11-01,France Super Rider,COE_UBR_LIS,EMEA,4,0,0,0,0.00,0,0.00,0,0.00%,66.10%,13.23%,47.36%,7.5,0.99,2.54
2021-11-01,North Asia Rider English L1/L2,COE_UBR_HYD,APAC,11,0,1033,1005,0.00,69,3.68,10,14.49%,82.80%,17.81%,4.67%,7.5,1.34,1.29
2021-11-01,India SA Fraud ASR,COE_UBR_VTZ,APAC,0,0,0,0,0.00,0,0.00,0,0.00%,0.00%,0.00%,0.00%,7.5,0.00,7.50
2021-11-01,North Asia Shared Analytics Project Exceed,COE_UBR_HYD,APAC,1,0,0,0,0.00,0,0.00,0,0.00%,0.00%,0.00%,0.00%,7.5,0.00,7.50
2021-11-01,ANZ Content,COE_UBR_MNL,APAC,16,343,0,0,0.00,0,0.00,0,0.00%,69.82%,36.74%,60.05%,7.5,2.76,2.26
2021-11-01,null,COE_UBR_SNJ,LatAm,32,45641,0,0,0.00,0,0.00,0,0.00%,0.00%,99.24%,13.26%,7.5,7.44,7.50
2021-11-01,Funnel CEE,COE_UBR_KRW,EMEA,2,0,0,0,0.00,0,0.00,0,0.00%,69.98%,27.94%,12.69%,7.5,2.10,2.25
2021-11-01,Global Product Services App Review,COE_UBR_HYD,APAC,6,0,0,0,0.00,0,0.00,0,0.00%,0.00%,0.00%,0.00%,7.5,0.00,7.50
2021-11-01,Senior COE Manager,COE_UBR_LIS,EMEA,1,0,0,0,0.00,0,0.00,0,0.00%,0.00%,0.00%,0.00%,7.5,0.00,7.50
2021-11-01,German,COE_UBR_LIS,EMEA,8,481,367,493,1.03,56,3.41,11,19.64%,65.83%,38.40%,23.18%,7.5,2.88,2.56
2021-11-01,Nordics,COE_UBR_LIM,EMEA,8,0,0,0,0.00,0,0.00,0,0.00%,0.00%,87.36%,11.26%,7.5,6.55,7.50
2021-11-01,ANZ Shared Analytics Rides S&P Ops,COE_UBR_HYD,APAC,1,0,0,0,0.00,0,0.00,0,0.00%,0.00%,0.00%,0.00%,7.5,0.00,7.50
2021-11-01,Rider C360,COE_UBR_CHI,US & Canada,4,540,193,963,1.78,64,3.56,18,28.13%,71.62%,29.99%,24.50%,7.5,2.25,2.13
2021-11-01,UKI_IRTL1L2,COE_UBR_LIM,EMEA,50,4452,4762,7986,1.79,849,3.69,152,17.90%,80.06%,31.50%,17.19%,7.5,2.36,1.50
2021-11-01,US&C Freight Daytime Shipper Phones,COE_UBR_MNL,APAC,22,188,0,0,0.00,0,0.00,0,0.00%,35.57%,14.22%,9.39%,7.5,1.07,4.83
2021-11-01,US&C COE Analytics,COE_UBR_CRK,APAC,2,0,0,0,0.00,0,0.00,0,0.00%,0.00%,0.00%,0.00%,7.5,0.00,7.50
2021-11-01,Global BPO Training SLBD Eats,COE_UBR_HYD,APAC,2,0,0,0,0.00,0,0.00,0,0.00%,0.00%,0.00%,0.00%,7.5,0.00,7.50
2021-11-01,US&C Outreach Innovation Unified Onboarding,COE_UBR_MNL,APAC,0,0,0,0,0.00,0,0.00,0,0.00%,0.00%,0.00%,0.00%,7.5,0.00,7.50
2021-11-01,US&C COE Analytics,COE_UBR_MNL,APAC,6,0,0,0,0.00,0,0.00,0,0.00%,0.00%,0.00%,0.00%,7.5,0.00,7.50
2021-11-01,Routematch,COE_UBR_PHX,US & Canada,21,526,0,0,0.00,0,0.00,0,0.00%,0.00%,30.55%,70.88%,7.5,2.29,7.50
2021-11-01,Global COE Training IRT L1/L2 Rides,COE_UBR_VTZ,APAC,2,0,0,0,0.00,0,0.00,0,0.00%,0.00%,0.00%,0.00%,7.5,0.00,7.50
2021-11-01,India SA COE Agent Quality India SA IRT L1/L2,COE_UBR_VTZ,APAC,1,0,0,0,0.00,0,0.00,0,0.00%,0.00%,0.00%,0.00%,7.5,0.00,7.50
2021-11-01,UET: FasTrack,COE_UBR_CHI,US & Canada,13,1946,0,404,0.21,25,4.44,2,8.00%,35.88%,24.40%,23.46%,7.5,1.83,4.81
2021-11-01,NEEWSE_ASR,COE_UBR_KRW,EMEA,22,2272,140,193,0.08,13,4.23,0,0.00%,75.37%,32.75%,32.13%,7.5,2.46,1.85
2021-11-01,IRT L1/L2,COE_UBR_BRA,LatAm,0,0,719,763,0.00,78,4.24,7,8.97%,0.00%,0.00%,0.00%,7.5,0.00,7.50
2021-11-01,PRRM,COE_UBR_KRW,EMEA,3,0,0,0,0.00,0,0.00,0,0.00%,0.00%,36.46%,38.43%,7.5,2.73,7.50
2021-11-01,BGC: JIRA,COE_UBR_PHX,US & Canada,5,264,0,9228,35.02,0,0.00,0,0.00%,0.00%,31.15%,23.75%,7.5,2.34,7.50
2021-11-01,IRT L1/L2,COE_UBR_SNJ,LatAm,30,603,1593,5711,9.46,472,4.60,9,1.91%,86.50%,17.81%,7.68%,7.5,1.34,1.01
2021-11-01,Onboarding Specialist,COE_UBR_LIS,EMEA,6,0,0,0,0.00,0,0.00,0,0.00%,88.99%,20.17%,31.79%,7.5,1.51,0.83
2021-11-01,Global Project Specialist,COE_UBR_LIM,EMEA,3,0,0,0,0.00,0,0.00,0,0.00%,0.00%,0.00%,0.00%,7.5,0.00,7.50
2021-11-01,Business Development Coach,COE_UBR_LIM,EMEA,1,0,0,0,0.00,0,0.00,0,0.00%,0.00%,0.00%,0.00%,7.5,0.00,7.50
2021-11-01,IRT,COE_UBR_MNL,APAC,0,0,0,5,0.00,0,0.00,0,0.00%,0.00%,0.00%,0.00%,7.5,0.00,7.50
2021-11-01,Blank Staffing Group,COE_UBR_KRW,EMEA,0,0,0,0,0.00,0,0.00,0,0.00%,84.54%,0.00%,0.00%,7.5,0.00,1.16
2021-11-01,SIU,COE_UBR_BRA,LatAm,50,12,0,5889,499.07,0,0.00,0,0.00%,64.02%,21.17%,4.59%,7.5,1.59,2.70
2021-11-01,BGC: QA-Jira,COE_UBR_PHX,US & Canada,0,176,0,0,0.00,0,0.00,0,0.00%,0.00%,0.00%,0.00%,7.5,0.00,7.50
2021-11-01,Spanish - Eater & Courier,COE_UBR_LIS,EMEA,0,98,0,0,0.00,0,0.00,0,0.00%,0.00%,0.00%,0.00%,7.5,0.00,7.50
2021-11-01,US&C Tax Escalation,COE_UBR_CRK,APAC,0,0,0,32046,0.00,1661,4.22,106,6.38%,0.00%,0.00%,0.00%,7.5,0.00,7.50
2021-11-01,US&C Fraud BGC Adjudication,COE_UBR_HYD,APAC,60,129,0,0,0.00,0,0.00,0,0.00%,0.00%,35.12%,3.65%,7.5,2.63,7.50
2021-11-01,Beyond Support Coordinator,COE_UBR_LIS,EMEA,1,0,0,0,0.00,0,0.00,0,0.00%,0.00%,20.34%,39.40%,7.5,1.53,7.50
2021-11-01,Audit Ops,COE_UBR_CAI,EMEA,8,272,0,0,0.00,0,0.00,0,0.00%,59.23%,32.10%,35.40%,7.5,2.41,3.06
2021-11-01,Audit Ops,COE_UBR_LIS,EMEA,16,319,0,0,0.00,0,0.00,0,0.00%,0.00%,0.00%,0.00%,7.5,0.00,7.50
2021-11-01,Content,COE_UBR_LIM,EMEA,9,1003,0,0,0.00,0,0.00,0,0.00%,0.00%,0.00%,0.00%,7.5,0.00,7.50
2021-11-01,US&C COE P&E Client Services,COE_UBR_HYD,APAC,2,0,0,0,0.00,0,0.00,0,0.00%,0.00%,0.00%,0.00%,7.5,0.00,7.50
2021-11-01,Proactive monitoring Eats,COE_UBR_KRW,EMEA,11,433,0,7645,17.67,0,0.00,0,0.00%,48.17%,26.21%,31.78%,7.5,1.97,3.89
2021-11-01,North Asia IRT L3/L4,COE_UBR_MNL,APAC,1,207,0,0,0.00,0,0.00,0,0.00%,0.00%,0.00%,0.00%,7.5,0.00,7.50
2021-11-01,UKI_IRTL3L4,COE_UBR_CAI,EMEA,0,0,0,102,0.00,6,3.67,1,16.67%,0.00%,0.00%,0.00%,7.5,0.00,7.50
2021-11-01,US&C Insights Generation Eats Restaurant,COE_UBR_HYD,APAC,6,0,0,0,0.00,0,0.00,0,0.00%,0.00%,0.00%,0.00%,7.5,0.00,7.50
2021-11-01,North Asia Fraud Account Sharing,COE_UBR_HYD,APAC,4,0,0,0,0.00,0,0.00,0,0.00%,8.84%,16.57%,3.56%,7.5,1.24,6.84
2021-11-01,Learning and Development,COE_UBR_KRW,EMEA,5,610,0,0,0.00,0,0.00,0,0.00%,0.00%,0.00%,0.00%,7.5,0.00,7.50
2021-11-01,US&C IRT ZTC,COE_UBR_MNL,APAC,0,0,0,2634,0.00,0,0.00,0,0.00%,0.00%,0.00%,0.00%,7.5,0.00,7.50
2021-11-01,US&C L&D Learning Experience Design,COE_UBR_CRK,APAC,1,0,0,0,0.00,0,0.00,0,0.00%,0.00%,0.00%,0.00%,7.5,0.00,7.50
2021-11-01,MNL ANZ Service Recovery Team,COE_UBR_MNL,APAC,0,0,0,0,0.00,0,0.00,0,0.00%,0.00%,0.00%,0.00%,7.5,0.00,7.50
2021-11-01,Driver C360,COE_UBR_CHI,US & Canada,33,4034,32,7164,1.78,500,4.55,50,10.00%,53.02%,27.45%,25.53%,7.5,2.06,3.52
2021-11-01,India SA COE Agent Quality,COE_UBR_HYD,APAC,4,0,0,0,0.00,0,0.00,0,0.00%,0.00%,0.00%,0.00%,7.5,0.00,7.50
2021-11-01,US&C Fraud SPOT Fraud,COE_UBR_HYD,APAC,19,0,0,0,0.00,0,0.00,0,0.00%,59.39%,20.77%,3.10%,7.5,1.56,3.05
2021-11-01,ANZ COE Analytics,COE_UBR_CRK,APAC,1,0,0,0,0.00,0,0.00,0,0.00%,0.00%,0.00%,0.00%,7.5,0.00,7.50
2021-11-01,Real Time Analyst,COE_UBR_LIS,EMEA,1,0,0,0,0.00,0,0.00,0,0.00%,0.00%,0.00%,100.40%,7.5,0.00,7.50
2021-11-01,Global Shared Analytics Global Safety & Risk,COE_UBR_HYD,APAC,3,0,0,0,0.00,0,0.00,0,0.00%,0.00%,0.00%,0.00%,7.5,0.00,7.50
2021-11-01,India SA BPO Quality Driver,COE_UBR_HYD,APAC,3,0,0,0,0.00,0,0.00,0,0.00%,0.00%,0.00%,0.00%,7.5,0.00,7.50
2021-11-01,Driver C360,COE_UBR_PHX,US & Canada,0,0,0,1,0.00,0,0.00,0,0.00%,0.00%,0.00%,0.00%,7.5,0.00,7.50
2021-11-01,Arabic + English EATS,COE_UBR_CAI,EMEA,6,584,616,1881,3.22,152,3.05,52,34.21%,87.32%,9.15%,16.37%,7.5,0.69,0.95
2021-11-01,Blank Staffing Group,COE_UBR_PHX,US & Canada,0,0,0,0,0.00,0,0.00,0,0.00%,37.28%,0.00%,0.00%,7.5,0.00,4.70
2021-11-01,RevGen,COE_UBR_LIM,EMEA,1,120,0,0,0.00,0,0.00,0,0.00%,0.00%,0.00%,0.00%,7.5,0.00,7.50
2021-11-01,Global Regional Quality HRSS,COE_UBR_MNL,APAC,0,0,0,0,0.00,0,0.00,0,0.00%,0.00%,0.00%,0.00%,7.5,0.00,7.50
2021-11-01,Unassigned,COE_UBR_HYD,APAC,0,0,9431,123695,0.00,1606,3.54,362,22.54%,0.00%,0.00%,0.00%,7.5,0.00,7.50
2021-11-01,APAC COE Analytics Enabling Services,COE_UBR_MNL,APAC,1,0,0,0,0.00,0,0.00,0,0.00%,0.00%,0.00%,0.00%,7.5,0.00,7.50
2021-11-01,Uber Money,COE_UBR_SNJ,LatAm,10,9,0,0,0.00,0,0.00,0,0.00%,55.67%,32.97%,5.48%,7.5,2.47,3.32
2021-11-01,SLOs,COE_UBR_LIS,EMEA,2,0,0,0,0.00,0,0.00,0,0.00%,51.45%,0.00%,98.50%,7.5,0.00,3.64
2021-11-01,SSA_UrgentInvestigation,COE_UBR_CAI,EMEA,6,637,0,1,0.00,0,0.00,0,0.00%,58.93%,24.55%,31.28%,7.5,1.84,3.08
2021-11-01,US&C ASR Messaging,COE_UBR_MNL,APAC,78,188,38,66,0.35,3,2.67,1,33.33%,85.64%,18.63%,4.42%,7.5,1.40,1.08
2021-11-01,Portuguese - Eats,COE_UBR_LIS,EMEA,18,1951,721,824,0.42,134,3.16,34,25.37%,79.69%,28.56%,12.02%,7.5,2.14,1.52
2021-11-01,US&C Restaurant Operations Restaurant Safety Support,COE_UBR_CRK,APAC,0,0,0,0,0.00,0,0.00,0,0.00%,0.00%,0.00%,0.00%,7.5,0.00,7.50
2021-11-01,Freight: NoSAT,COE_UBR_CHI,US & Canada,1,124,0,0,0.00,0,0.00,0,0.00%,0.00%,30.34%,41.01%,7.5,2.28,7.50
2021-11-01,UET: Churn,COE_UBR_CHI,US & Canada,0,0,0,0,0.00,0,0.00,0,0.00%,0.00%,0.00%,0.00%,7.5,0.00,7.50
2021-11-01,India SA SORT Rides,COE_UBR_HYD,APAC,11,0,0,0,0.00,0,0.00,0,0.00%,33.15%,35.09%,9.50%,7.5,2.63,5.01
2021-11-01,Learning and Development,COE_UBR_CAI,EMEA,9,0,0,0,0.00,0,0.00,0,0.00%,0.00%,0.00%,0.00%,7.5,0.00,7.50
2021-11-01,India SA COE Agent Quality India SA IRT L3/L4,COE_UBR_VTZ,APAC,3,0,0,0,0.00,0,0.00,0,0.00%,0.00%,0.00%,0.00%,7.5,0.00,7.50
2021-11-01,Team_Lead_Restaurant Demand Generation,COE_UBR_LIM,EMEA,1,40,0,0,0.00,0,0.00,0,0.00%,0.00%,0.00%,0.00%,7.5,0.00,7.50
2021-11-01,Business Operations and Support,COE_UBR_PHX,US & Canada,6,395,0,14,0.04,0,0.00,0,0.00%,0.00%,0.00%,0.00%,7.5,0.00,7.50
2021-11-01,U4B Sales,COE_UBR_LIS,EMEA,9,1031,0,0,0.00,0,0.00,0,0.00%,64.15%,2.09%,47.44%,7.5,0.16,2.69
2021-11-01,Operation Support,COE_UBR_LIS,EMEA,0,0,15,28,0.00,2,5.00,0,0.00%,0.00%,0.00%,0.00%,7.5,0.00,7.50
2021-11-01,E4B Sales,COE_UBR_LIM,EMEA,4,0,0,0,0.00,0,0.00,0,0.00%,0.00%,28.63%,16.67%,7.5,2.15,7.50
2021-11-01,COE Manager,COE_UBR_KRW,EMEA,6,0,0,0,0.00,0,0.00,0,0.00%,0.00%,0.00%,0.00%,7.5,0.00,7.50
2021-11-01,US&C Fraud Driver Adjudication,COE_UBR_HYD,APAC,3,0,0,0,0.00,0,0.00,0,0.00%,31.36%,32.39%,2.33%,7.5,2.43,5.15
2021-11-01,UET: Restaurant Advanced,COE_UBR_CHI,US & Canada,0,867,0,5866,6.76,68,3.51,22,32.35%,0.00%,0.00%,0.00%,7.5,0.00,7.50
2021-11-01,Iberia IRT L3L4,COE_UBR_LIS,EMEA,0,0,0,0,0.00,0,0.00,0,0.00%,0.00%,0.00%,0.00%,7.5,0.00,7.50
2021-11-01,APAC COE P&E PMO,COE_UBR_HYD,APAC,1,0,0,0,0.00,0,0.00,0,0.00%,0.00%,0.00%,0.00%,7.5,0.00,7.50
2021-11-01,Global Contactless Coding,COE_UBR_HYD,APAC,15,0,0,0,0.00,0,0.00,0,0.00%,0.00%,0.00%,0.00%,7.5,0.00,7.50
2021-11-01,US&C Fraud National Audit,COE_UBR_VTZ,APAC,36,166,0,0,0.00,0,0.00,0,0.00%,0.00%,32.23%,1.56%,7.5,2.42,7.50
2021-11-01,US&C Fraud ASR,COE_UBR_HYD,APAC,61,96,9331,10243,106.78,1097,3.57,237,21.60%,89.05%,22.93%,3.62%,7.5,1.72,0.82
2021-11-01,Process Specialist,COE_UBR_KRW,EMEA,2,0,0,0,0.00,0,0.00,0,0.00%,0.00%,0.00%,0.00%,7.5,0.00,7.50
2021-11-01,Clerk,COE_UBR_CAI,EMEA,1,0,0,0,0.00,0,0.00,0,0.00%,0.00%,0.00%,0.00%,7.5,0.00,7.50
2021-11-01,NE Tech - Support to BPO,COE_UBR_LIM,EMEA,1,100,0,0,0.00,0,0.00,0,0.00%,0.00%,0.00%,0.00%,7.5,0.00,7.50
2021-11-01,Legal,COE_UBR_SNJ,LatAm,13,189,9,13,0.07,1,1.00,1,100.00%,53.44%,20.40%,2.01%,7.5,1.53,3.49
2021-11-01,PM: Service Recovery,COE_UBR_CHI,US & Canada,20,0,0,0,0.00,0,0.00,0,0.00%,62.98%,74.90%,91.99%,7.5,5.62,2.78
2021-11-01,UKI Regulatory Support,COE_UBR_LIM,EMEA,33,3911,0,52,0.01,0,0.00,0,0.00%,24.58%,25.55%,9.91%,7.5,1.92,5.66
2021-11-01,US&C Outreach Innovation Unified Onboarding,COE_UBR_HYD,APAC,10,0,0,0,0.00,0,0.00,0,0.00%,11.72%,29.41%,0.66%,7.5,2.21,6.62
2021-11-01,Assistant_Team_Lead_Portuguese - Eats,COE_UBR_LIS,EMEA,1,0,0,0,0.00,0,0.00,0,0.00%,0.00%,0.00%,100.00%,7.5,0.00,7.50
2021-11-01,US&C COE P&E Project Delivery,COE_UBR_CRK,APAC,3,0,0,0,0.00,0,0.00,0,0.00%,0.00%,0.00%,0.00%,7.5,0.00,7.50
2021-11-01,Global Global HRSS,COE_UBR_MNL,APAC,0,0,0,0,0.00,0,0.00,0,0.00%,0.00%,0.00%,0.00%,7.5,0.00,7.50
2021-11-01,Restaurant Demand Generation,COE_UBR_LIM,EMEA,5,0,0,0,0.00,0,0.00,0,0.00%,96.49%,16.89%,21.25%,7.5,1.27,0.26
2021-11-01,US&C IRT Non-Urgent,COE_UBR_MNL,APAC,59,141,0,0,0.00,0,0.00,0,0.00%,84.14%,17.97%,10.70%,7.5,1.35,1.19
2021-11-01,Vendor Operations,COE_UBR_BRA,LatAm,2,0,0,0,0.00,0,0.00,0,0.00%,0.00%,0.00%,0.00%,7.5,0.00,7.50
2021-11-01,Global WFM,COE_UBR_HYD,APAC,19,0,0,0,0.00,0,0.00,0,0.00%,0.00%,0.00%,0.00%,7.5,0.00,7.50
2021-11-01,India SA Shared Analytics Central Ops Driver Operations,COE_UBR_HYD,APAC,4,0,0,0,0.00,0,0.00,0,0.00%,0.00%,0.00%,0.00%,7.5,0.00,7.50
2021-11-01,Freight: App Escalations,COE_UBR_CHI,US & Canada,0,0,0,0,0.00,0,0.00,0,0.00%,0.00%,0.00%,0.00%,7.5,0.00,7.50
2021-11-01,Content,COE_UBR_KRW,EMEA,17,2163,0,0,0.00,0,0.00,0,0.00%,0.00%,0.00%,0.00%,7.5,0.00,7.50
2021-11-01,IRT L3/L4,COE_UBR_SNJ,LatAm,55,829,3938,9051,10.92,656,4.40,33,5.03%,71.83%,25.73%,12.06%,7.5,1.93,2.11
2021-11-01,US&C Eats Special Projects,COE_UBR_CRK,APAC,15,188,0,0,0.00,0,0.00,0,0.00%,27.59%,21.41%,4.29%,7.5,1.61,5.43
2021-11-01,Blank Staffing Group,COE_UBR_BRA,LatAm,0,0,0,0,0.00,0,0.00,0,0.00%,56.89%,0.00%,0.00%,7.5,0.00,3.23
2021-11-01,India SA COE Analytics India SA Safetyline,COE_UBR_HYD,APAC,1,0,0,0,0.00,0,0.00,0,0.00%,0.00%,0.00%,0.00%,7.5,0.00,7.50
2021-11-01,FRCHBE_IRTL3L4,COE_UBR_LIS,EMEA,24,2694,8,1510,0.56,62,4.05,6,9.68%,77.57%,28.99%,12.28%,7.5,2.17,1.68
2021-11-01,Unassigned,COE_UBR_KRW,EMEA,0,0,3552,20473,0.00,878,4.07,123,14.01%,0.00%,0.00%,0.00%,7.5,0.00,7.50
2021-11-01,UKI_UrgentInvestigation,COE_UBR_LIM,EMEA,28,3244,65,120,0.04,8,3.75,1,12.50%,64.83%,20.55%,23.05%,7.5,1.54,2.64
2021-11-01,U4B PSS,COE_UBR_SNJ,LatAm,4,0,0,343,0.00,14,4.07,2,14.29%,52.68%,16.56%,2.03%,7.5,1.24,3.55
2021-11-01,null,COE_UBR_CHI,US & Canada,106,3143,0,0,0.00,0,0.00,0,0.00%,0.00%,76.32%,28.50%,7.5,5.72,7.50
2021-11-01,UKI_IRTL3L4,COE_UBR_LIM,EMEA,41,4455,2870,9052,2.03,625,3.95,101,16.16%,83.67%,33.37%,12.91%,7.5,2.50,1.22
2021-11-01,A&D Service Denial,COE_UBR_CHI,US & Canada,0,0,0,0,0.00,0,0.00,0,0.00%,0.00%,0.00%,0.00%,7.5,0.00,7.50
2021-11-01,US&C Outreach Innovation Expiring Documents,COE_UBR_CRK,APAC,10,0,0,0,0.00,0,0.00,0,0.00%,41.23%,32.66%,36.93%,7.5,2.45,4.41
2021-11-01,US&C Fraud Cleaning Fees,COE_UBR_HYD,APAC,8,0,0,0,0.00,0,0.00,0,0.00%,39.79%,36.94%,2.88%,7.5,2.77,4.52
2021-11-01,WFM,COE_UBR_BRA,LatAm,12,0,0,0,0.00,0,0.00,0,0.00%,0.00%,0.00%,0.00%,7.5,0.00,7.50
2021-11-01,ECR,COE_UBR_LIM,EMEA,7,845,46,672,0.80,15,4.53,0,0.00%,42.68%,28.32%,18.80%,7.5,2.12,4.30
2021-11-01,ANZ Restaurant Operations Enterprise,COE_UBR_MNL,APAC,5,0,0,0,0.00,0,0.00,0,0.00%,0.00%,13.20%,15.25%,7.5,0.99,7.50
2021-11-01,APAC Shared Analytics Central Commops,COE_UBR_MNL,APAC,7,0,0,0,0.00,0,0.00,0,0.00%,100.00%,1.80%,0.00%,7.5,0.13,0.00
2021-11-01,Assistant_Team_Lead_French Eater & Courier,COE_UBR_LIS,EMEA,1,0,0,0,0.00,0,0.00,0,0.00%,25.22%,0.00%,100.02%,7.5,0.00,5.61
2021-11-01,SAFE: Project Specialist,COE_UBR_PHX,US & Canada,4,410,0,0,0.00,0,0.00,0,0.00%,57.83%,9.25%,100.15%,7.5,0.69,3.16
2021-11-01,PM: Premium Support,COE_UBR_CHI,US & Canada,60,200,0,0,0.00,0,0.00,0,0.00%,35.37%,17.62%,34.97%,7.5,1.32,4.85
2021-11-01,US&C ASR,COE_UBR_MNL,APAC,24,834,3540,3505,4.20,248,3.12,75,30.24%,83.38%,11.31%,13.50%,7.5,0.85,1.25
2021-11-01,SSA_Driver_T2,COE_UBR_CAI,EMEA,14,830,2327,4260,5.13,531,3.58,94,17.70%,74.13%,31.34%,28.36%,7.5,2.35,1.94
2021-11-01,US&C Freight NightOps,COE_UBR_MNL,APAC,20,146,0,0,0.00,0,0.00,0,0.00%,6.40%,37.56%,4.38%,7.5,2.82,7.02
2021-11-01,Eats,COE_UBR_BRA,LatAm,26,0,0,2497,0.00,139,4.24,18,12.95%,29.13%,30.55%,2.92%,7.5,2.29,5.32
2021-11-01,Unassigned,COE_UBR_CAI,EMEA,0,0,20442,19983,0.00,2784,3.72,585,21.01%,0.00%,0.00%,0.00%,7.5,0.00,7.50
2021-11-01,Polish Eats,COE_UBR_KRW,EMEA,12,1250,721,935,0.75,185,3.57,40,21.62%,80.94%,24.88%,22.18%,7.5,1.87,1.43
2021-11-01,ME_IRTPhone,COE_UBR_CAI,EMEA,13,336,0,0,0.00,0,0.00,0,0.00%,72.96%,24.89%,19.71%,7.5,1.87,2.03
2021-11-01,Content,COE_UBR_LIS,EMEA,16,147,0,0,0.00,0,0.00,0,0.00%,100.00%,12.79%,44.82%,7.5,0.96,0.00
2021-11-01,Quality,COE_UBR_LIM,EMEA,13,1029,0,0,0.00,0,0.00,0,0.00%,0.00%,0.00%,0.00%,7.5,0.00,7.50
2021-11-01,US&C Driver Voice of the Customer Insights,COE_UBR_MNL,APAC,15,168,0,2326,13.83,3,2.33,2,66.67%,0.00%,0.00%,0.00%,7.5,0.00,7.50
2021-11-01,A&D Service Denial,COE_UBR_PHX,US & Canada,0,0,5,5,0.00,1,3.00,0,0.00%,0.00%,0.00%,0.00%,7.5,0.00,7.50
2021-11-01,US&C COE Analytics US&C UCS Rider Accounts & Payments,COE_UBR_HYD,APAC,2,0,0,0,0.00,0,0.00,0,0.00%,0.00%,0.00%,0.00%,7.5,0.00,7.50
2021-11-01,Blank Staffing Group,COE_UBR_LIS,EMEA,0,0,0,0,0.00,0,0.00,0,0.00%,74.03%,0.00%,0.00%,7.5,0.00,1.95
2021-11-01,Merchant: Proactive Support,COE_UBR_CHI,US & Canada,4,392,0,0,0.00,0,0.00,0,0.00%,0.00%,54.11%,47.58%,7.5,4.06,7.50
2021-11-01,Risk Support,COE_UBR_BRA,LatAm,27,0,2891,2947,0.00,316,4.04,38,12.03%,79.74%,21.06%,4.04%,7.5,1.58,1.52
2021-11-01,US&C Fraud Eats,COE_UBR_HYD,APAC,15,0,0,0,0.00,0,0.00,0,0.00%,16.43%,19.77%,2.51%,7.5,1.48,6.27
2021-11-01,IVR,COE_UBR_KRW,EMEA,5,770,0,0,0.00,0,0.00,0,0.00%,0.00%,0.00%,0.00%,7.5,0.00,7.50
2021-11-01,Program Manager,COE_UBR_CAI,EMEA,1,0,0,0,0.00,0,0.00,0,0.00%,0.00%,0.00%,0.00%,7.5,0.00,7.50
2021-11-01,CRT,COE_UBR_SNJ,LatAm,16,378,0,16283,43.06,0,0.00,0,0.00%,40.25%,30.13%,5.84%,7.5,2.26,4.48
2021-11-01,DACH,COE_UBR_KRW,EMEA,3,348,562,881,2.53,80,3.81,16,20.00%,49.74%,93.56%,43.36%,7.5,7.02,3.77
2021-11-01,Assistant_Team_Lead_FRCHBE_IRTL3L4,COE_UBR_LIS,EMEA,1,0,0,0,0.00,0,0.00,0,0.00%,41.62%,0.00%,77.88%,7.5,0.00,4.38
2021-11-01,Unassigned,COE_UBR_LIS,EMEA,0,0,2195,6495,0.00,531,3.99,68,12.81%,0.00%,0.00%,0.00%,7.5,0.00,7.50
2021-11-01,MENA SORT,COE_UBR_CAI,EMEA,17,1004,0,0,0.00,0,0.00,0,0.00%,44.77%,18.63%,30.76%,7.5,1.40,4.14
2021-11-01,QA,COE_UBR_SNJ,LatAm,29,615,0,0,0.00,0,0.00,0,0.00%,0.00%,14.55%,99.76%,7.5,1.09,7.50
2021-11-01,SAFE: RRT,COE_UBR_PHX,US & Canada,21,2787,23,2244,0.81,56,3.64,9,16.07%,58.57%,35.42%,47.12%,7.5,2.66,3.11
2021-11-01,US&C Service Denial,COE_UBR_MNL,APAC,12,0,579,1285,0.00,64,4.31,5,7.81%,77.57%,27.24%,12.22%,7.5,2.04,1.68
2021-11-01,MENA_PolicyAdjudication,COE_UBR_CAI,EMEA,5,643,0,868,1.35,0,0.00,0,0.00%,45.88%,14.00%,24.30%,7.5,1.05,4.06
2021-11-01,Romania_IRT,COE_UBR_KRW,EMEA,8,690,1323,1618,2.34,350,3.72,58,16.57%,80.60%,41.67%,25.48%,7.5,3.13,1.45
2021-11-01,US&C Freight POD Recovery,COE_UBR_MNL,APAC,17,168,0,0,0.00,0,0.00,0,0.00%,0.00%,19.96%,6.84%,7.5,1.50,7.50
2021-11-01,APAC COE P&E Organizational Excellence,COE_UBR_VTZ,APAC,1,0,0,0,0.00,0,0.00,0,0.00%,0.00%,0.00%,0.00%,7.5,0.00,7.50
2021-11-01,US&C Fraud Legally Sensitive,COE_UBR_HYD,APAC,19,61,0,0,0.00,0,0.00,0,0.00%,43.58%,25.12%,1.96%,7.5,1.88,4.23
2021-11-01,SME,COE_UBR_CAI,EMEA,6,56,0,0,0.00,0,0.00,0,0.00%,56.02%,16.82%,34.81%,7.5,1.26,3.30
2021-11-01,Proactive Monitoring,COE_UBR_KRW,EMEA,1,56,0,0,0.00,0,0.00,0,0.00%,0.00%,0.00%,0.00%,7.5,0.00,7.50
2021-11-01,WFM,COE_UBR_KRW,EMEA,0,513,0,0,0.00,0,0.00,0,0.00%,0.00%,0.00%,0.00%,7.5,0.00,7.50
2021-11-01,India SA IRT L4+ Management Team,COE_UBR_VTZ,APAC,3,0,0,0,0.00,0,0.00,0,0.00%,31.18%,7.48%,1.70%,7.5,0.56,5.16
2021-11-01,ANZ Funnel,COE_UBR_MNL,APAC,1,217,0,0,0.00,0,0.00,0,0.00%,0.00%,0.00%,0.00%,7.5,0.00,7.50
2021-11-01,Eats Compliance Coordinator Spanish - Eats,COE_UBR_LIS,EMEA,1,0,0,0,0.00,0,0.00,0,0.00%,0.00%,0.00%,94.63%,7.5,0.00,7.50
2021-11-01,India SA Fraud Doc Fraud,COE_UBR_HYD,APAC,2,0,0,0,0.00,0,0.00,0,0.00%,0.00%,0.00%,0.00%,7.5,0.00,7.50
2021-11-01,US&C IRT L1/L2,COE_UBR_MNL,APAC,59,542,37,6,0.01,2,3.00,1,50.00%,88.19%,27.94%,8.51%,7.5,2.10,0.89
2021-11-01,Global COE Analytics Global U4B,COE_UBR_HYD,APAC,1,0,0,0,0.00,0,0.00,0,0.00%,0.00%,0.00%,0.00%,7.5,0.00,7.50
2021-11-01,India SA Shared Analytics Safety Ops,COE_UBR_HYD,APAC,3,0,0,0,0.00,0,0.00,0,0.00%,0.00%,0.00%,0.00%,7.5,0.00,7.50
2021-11-01,Project Management,COE_UBR_BRA,LatAm,3,0,0,0,0.00,0,0.00,0,0.00%,0.00%,0.00%,0.00%,7.5,0.00,7.50
2021-11-01,US&C ASR Unified Onboarding,COE_UBR_CRK,APAC,1,16,0,0,0.00,0,0.00,0,0.00%,93.69%,0.00%,58.37%,7.5,0.00,0.47
2021-11-01,MEA_ASR,COE_UBR_CAI,EMEA,34,2881,3536,3958,1.37,565,3.29,184,32.57%,72.90%,29.84%,19.01%,7.5,2.24,2.03
2021-11-01,Enablement Operation Manager,COE_UBR_LIM,EMEA,1,0,0,0,0.00,0,0.00,0,0.00%,0.00%,0.00%,0.00%,7.5,0.00,7.50
2021-11-01,ANZ Analytics Eats Delivery Ops,COE_UBR_HYD,APAC,1,0,0,0,0.00,0,0.00,0,0.00%,70.72%,0.00%,0.00%,7.5,0.00,2.20
2021-11-01,Freight: OSD,COE_UBR_CHI,US & Canada,21,1612,0,1096,0.68,0,0.00,0,0.00%,100.00%,23.08%,38.76%,7.5,1.73,0.00
2021-11-01,Product Rollout Specialist,COE_UBR_KRW,EMEA,2,0,0,0,0.00,0,0.00,0,0.00%,45.96%,16.91%,28.58%,7.5,1.27,4.05
2021-11-01,Engagement Specialist,COE_UBR_LIS,EMEA,1,0,0,0,0.00,0,0.00,0,0.00%,0.00%,0.00%,0.00%,7.5,0.00,7.50
2021-11-01,US&C Tax Escalation,COE_UBR_MNL,APAC,0,0,0,2,0.00,0,0.00,0,0.00%,0.00%,0.00%,0.00%,7.5,0.00,7.50
2021-11-01,Merchant C360,COE_UBR_CHI,US & Canada,3,472,0,68,0.14,14,4.43,2,14.29%,0.00%,13.44%,11.60%,7.5,1.01,7.50
2021-11-01,Transaction Monitoring,COE_UBR_KRW,EMEA,12,1686,0,3881,2.30,0,0.00,0,0.00%,57.65%,32.12%,32.37%,7.5,2.41,3.18
2021-11-01,Global Product Services Coding-App Review-Product Triage,COE_UBR_HYD,APAC,1,0,0,0,0.00,0,0.00,0,0.00%,0.00%,0.00%,0.00%,7.5,0.00,7.50
2021-11-01,Consumer Escalations,COE_UBR_CHI,US & Canada,11,931,2,22,0.02,1,5.00,0,0.00%,68.63%,50.28%,87.65%,7.5,3.77,2.35
2021-11-01,Salesforce,COE_UBR_KRW,EMEA,0,0,0,542,0.00,13,2.85,7,53.85%,0.00%,0.00%,0.00%,7.5,0.00,7.50
2021-11-01,CORe,COE_UBR_KRW,EMEA,2,256,0,0,0.00,0,0.00,0,0.00%,0.00%,0.00%,0.00%,7.5,0.00,7.50
2021-11-01,Global Shared Analytics Quality Ops,COE_UBR_HYD,APAC,1,0,0,0,0.00,0,0.00,0,0.00%,0.00%,0.00%,0.00%,7.5,0.00,7.50
2021-11-01,US&C COE Agent Quality GFPS SPOT,COE_UBR_HYD,APAC,9,0,0,0,0.00,0,0.00,0,0.00%,0.00%,0.00%,0.00%,7.5,0.00,7.50
2021-11-01,ANZ Fraud ASR,COE_UBR_MNL,APAC,21,411,2515,2547,6.20,177,3.54,36,20.34%,75.89%,20.02%,10.10%,7.5,1.50,1.81
2021-11-01,Leadership,COE_UBR_PHX,US & Canada,33,0,0,0,0.00,0,0.00,0,0.00%,23.93%,99.39%,99.75%,7.5,7.45,5.71
2021-11-01,India SA IRT L1/L2,COE_UBR_VTZ,APAC,16,0,2048,2186,0.00,312,3.76,54,17.31%,76.96%,21.66%,3.08%,7.5,1.62,1.73
2021-11-01,Global Analytics A&I Global Programs,COE_UBR_HYD,APAC,3,0,0,0,0.00,0,0.00,0,0.00%,0.00%,0.00%,0.00%,7.5,0.00,7.50
2021-11-01,Restaurant Onboarding Specialist Italian EATS,COE_UBR_KRW,EMEA,1,0,0,0,0.00,0,0.00,0,0.00%,0.00%,93.77%,91.18%,7.5,7.03,7.50
2021-11-01,India SA IRT L3/L4,COE_UBR_HYD,APAC,28,24,653,1352,55.91,130,4.04,21,16.15%,68.34%,22.21%,2.79%,7.5,1.67,2.37
2021-11-01,U4B,COE_UBR_SNJ,LatAm,23,352,1,2153,6.12,338,3.96,57,16.86%,46.12%,19.49%,5.68%,7.5,1.46,4.04
2021-11-01,ANZ Marketplace Monitoring,COE_UBR_MNL,APAC,2,0,0,0,0.00,0,0.00,0,0.00%,0.00%,14.68%,15.06%,7.5,1.10,7.50
2021-11-01,Global U4B HYD Processor,COE_UBR_HYD,APAC,2,0,0,0,0.00,0,0.00,0,0.00%,0.00%,7.69%,2.08%,7.5,0.58,7.50
2021-11-01,Proactive monitoring Rides,COE_UBR_KRW,EMEA,6,980,0,10,0.01,0,0.00,0,0.00%,53.46%,25.19%,26.35%,7.5,1.89,3.49
2021-11-01,APAC Shared Analytics Enablement/SRC,COE_UBR_MNL,APAC,4,0,0,0,0.00,0,0.00,0,0.00%,0.00%,0.00%,0.00%,7.5,0.00,7.50
2021-11-01,UET: Churn Outbound,COE_UBR_CHI,US & Canada,18,1992,0,0,0.00,0,0.00,0,0.00%,0.00%,30.87%,40.14%,7.5,2.32,7.50
2021-11-01,North Asia Marketplace Monitoring,COE_UBR_MNL,APAC,13,187,0,0,0.00,0,0.00,0,0.00%,0.00%,11.17%,22.16%,7.5,0.84,7.50
2021-11-01,Learning and Development,COE_UBR_CHI,US & Canada,14,874,0,0,0.00,0,0.00,0,0.00%,0.00%,0.00%,0.00%,7.5,0.00,7.50
2021-11-01,Global U4B,COE_UBR_HYD,APAC,0,0,0,3952,0.00,750,4.01,102,13.60%,0.00%,0.00%,0.00%,7.5,0.00,7.50
2021-11-01,India SA Fraud Driver De-Dupe,COE_UBR_HYD,APAC,7,31,0,0,0.00,0,0.00,0,0.00%,44.19%,26.26%,4.58%,7.5,1.97,4.19
2021-11-01,India SA Gover0ce Content,COE_UBR_HYD,APAC,10,0,0,0,0.00,0,0.00,0,0.00%,0.00%,22.23%,0.00%,7.5,1.67,7.50
2021-11-01,ANZ Level 2 Rides,COE_UBR_CRK,APAC,0,0,0,0,0.00,0,0.00,0,0.00%,0.00%,0.00%,0.00%,7.5,0.00,7.50
2021-11-01,US&C COE Agent Quality UCS Eats Insights,COE_UBR_HYD,APAC,2,0,0,0,0.00,0,0.00,0,0.00%,0.00%,0.00%,0.00%,7.5,0.00,7.50
2021-11-01,US&C Outreach Innovation Unified Churn,COE_UBR_MNL,APAC,0,0,2,2,0.00,0,0.00,0,0.00%,0.00%,0.00%,0.00%,7.5,0.00,7.50
2021-11-01,MENA_IRTL3L4,COE_UBR_CAI,EMEA,27,3069,5,1112,0.36,92,3.77,17,18.48%,28.08%,27.35%,18.90%,7.5,2.05,5.39
2021-11-01,WFM,COE_UBR_LIS,EMEA,1,542,0,0,0.00,0,0.00,0,0.00%,0.00%,0.00%,93.37%,7.5,0.00,7.50
2021-11-01,APAC Analytics Enablement/SRC,COE_UBR_HYD,APAC,2,0,0,0,0.00,0,0.00,0,0.00%,0.00%,0.00%,0.00%,7.5,0.00,7.50
2021-11-01,Freight: Payments,COE_UBR_CHI,US & Canada,9,1053,0,1110,1.05,0,0.00,0,0.00%,0.00%,36.69%,20.77%,7.5,2.75,7.50
2021-11-01,ANZ Fraud Account Sharing,COE_UBR_HYD,APAC,8,105,0,0,0.00,0,0.00,0,0.00%,24.34%,21.00%,5.01%,7.5,1.57,5.67
2021-11-01,C360,COE_UBR_KRW,EMEA,0,27,0,0,0.00,0,0.00,0,0.00%,0.00%,0.00%,0.00%,7.5,0.00,7.50
2021-11-01,U4B PSS,COE_UBR_BRA,LatAm,8,1,0,725,671.30,43,4.44,4,9.30%,51.71%,23.32%,11.40%,7.5,1.75,3.62
2021-11-01,US&C Fraud Compliance Review,COE_UBR_HYD,APAC,18,0,0,0,0.00,0,0.00,0,0.00%,0.00%,26.73%,3.23%,7.5,2.00,7.50
2021-11-01,US&C Fraud National Audit,COE_UBR_HYD,APAC,80,29,0,0,0.00,0,0.00,0,0.00%,68.47%,28.32%,3.24%,7.5,2.12,2.36
2021-11-01,ANZ Funnel Proactive,COE_UBR_MNL,APAC,42,435,0,0,0.00,0,0.00,0,0.00%,61.69%,23.72%,20.94%,7.5,1.78,2.87
2021-11-01,Global WFM,COE_UBR_VTZ,APAC,3,0,0,0,0.00,0,0.00,0,0.00%,0.00%,0.00%,0.00%,7.5,0.00,7.50
2021-11-01,Iberia_IRT,COE_UBR_LIS,EMEA,11,1500,1038,1653,1.10,219,4.02,23,10.50%,79.38%,17.18%,10.28%,7.5,1.29,1.55
2021-11-01,Spain U4B Support,COE_UBR_LIS,EMEA,3,0,0,0,0.00,0,0.00,0,0.00%,71.82%,32.83%,8.53%,7.5,2.46,2.11
2021-11-01,APAC COE P&E OE,COE_UBR_MNL,APAC,3,0,0,0,0.00,0,0.00,0,0.00%,0.00%,0.00%,0.00%,7.5,0.00,7.50
2021-11-01,India SA IRT Deactivations,COE_UBR_VTZ,APAC,6,0,0,2371,0.00,0,0.00,0,0.00%,48.29%,14.29%,2.61%,7.5,1.07,3.88
2021-11-01,Learning,COE_UBR_BRA,LatAm,13,0,0,0,0.00,0,0.00,0,0.00%,72.63%,0.00%,0.00%,7.5,0.00,2.05
2021-11-01,Global COE Training North Asia Rider English L1/L2,COE_UBR_HYD,APAC,1,0,0,0,0.00,0,0.00,0,0.00%,0.00%,0.00%,0.00%,7.5,0.00,7.50
2021-11-01,US&C Insights Generation RAP,COE_UBR_HYD,APAC,0,0,0,0,0.00,0,0.00,0,0.00%,0.00%,0.00%,0.00%,7.5,0.00,7.50
2021-11-01,Duplicate Accounts,COE_UBR_KRW,EMEA,3,1154,0,0,0.00,0,0.00,0,0.00%,69.38%,39.70%,24.49%,7.5,2.98,2.30
2021-11-01,Compliance Coordinator,COE_UBR_LIS,EMEA,4,0,0,0,0.00,0,0.00,0,0.00%,64.76%,12.31%,27.74%,7.5,0.92,2.64
2021-11-01,Global Analytics A&I Agent Enablement,COE_UBR_HYD,APAC,7,0,0,0,0.00,0,0.00,0,0.00%,0.00%,0.00%,0.00%,7.5,0.00,7.50
2021-11-01,US&C Insights Generation Eats,COE_UBR_HYD,APAC,3,0,0,0,0.00,0,0.00,0,0.00%,0.00%,0.00%,0.00%,7.5,0.00,7.50
2021-11-01,ANZ Uber DIrect,COE_UBR_MNL,APAC,14,154,0,0,0.00,0,0.00,0,0.00%,21.35%,26.66%,15.46%,7.5,2.00,5.90
2021-11-01,India SA COE Agent Quality GFPS India ASR,COE_UBR_HYD,APAC,1,0,0,0,0.00,0,0.00,0,0.00%,0.00%,0.00%,0.00%,7.5,0.00,7.50
2021-11-01,SORT,COE_UBR_SNJ,LatAm,18,330,0,0,0.00,0,0.00,0,0.00%,30.05%,24.80%,4.48%,7.5,1.86,5.25
2021-11-01,MENA_Rider_T2,COE_UBR_CAI,EMEA,7,625,0,1939,3.10,248,3.38,72,29.03%,86.68%,24.87%,24.28%,7.5,1.87,1.00
2021-11-01,Eats Live Marketplace Monitoring,COE_UBR_LIM,EMEA,15,1674,0,0,0.00,0,0.00,0,0.00%,46.55%,24.72%,13.18%,7.5,1.85,4.01
2021-11-01,North Asia IRT HK IRT,COE_UBR_MNL,APAC,1,0,0,0,0.00,0,0.00,0,0.00%,0.00%,0.00%,0.00%,7.5,0.00,7.50
2021-11-01,BGC: Project Specialist,COE_UBR_CHI,US & Canada,0,0,0,28,0.00,0,0.00,0,0.00%,0.00%,0.00%,0.00%,7.5,0.00,7.50
2021-11-01,US&C Content Creation,COE_UBR_HYD,APAC,15,0,0,36,0.00,3,5.00,0,0.00%,0.00%,0.00%,0.00%,7.5,0.00,7.50
2021-11-01,BGC: Checkr,COE_UBR_CHI,US & Canada,1,0,0,0,0.00,0,0.00,0,0.00%,0.00%,13.11%,32.83%,7.5,0.98,7.50
2021-11-01,Program Specialist,COE_UBR_LIM,EMEA,9,403,0,0,0.00,0,0.00,0,0.00%,40.32%,100.00%,100.00%,7.5,7.50,4.48
2021-11-01,Postmates,COE_UBR_PHX,US & Canada,2,123,0,0,0.00,0,0.00,0,0.00%,0.00%,0.00%,0.00%,7.5,0.00,7.50
2021-11-01,India SA COE Agent Quality India SA IRT Safetyline,COE_UBR_VTZ,APAC,3,0,0,0,0.00,0,0.00,0,0.00%,0.00%,0.00%,0.00%,7.5,0.00,7.50
2021-11-01,US&C Freight,COE_UBR_MNL,APAC,1,225,0,11843,52.57,1040,4.66,43,4.13%,0.00%,0.00%,0.00%,7.5,0.00,7.50
2021-11-01,ANZ Restaurant Operations Virtual Onboarding,COE_UBR_MNL,APAC,14,78,0,0,0.00,0,0.00,0,0.00%,0.00%,36.30%,38.34%,7.5,2.72,7.50
2021-11-01,WFM,COE_UBR_CAI,EMEA,0,230,0,0,0.00,0,0.00,0,0.00%,0.00%,0.00%,0.00%,7.5,0.00,7.50
2021-11-01,Content Specialist,COE_UBR_CHI,US & Canada,0,4102,0,0,0.00,0,0.00,0,0.00%,0.00%,0.00%,0.00%,7.5,0.00,7.50
2021-11-01,US&C Marketplace Monitoring,COE_UBR_MNL,APAC,39,362,0,0,0.00,0,0.00,0,0.00%,0.00%,12.53%,11.04%,7.5,0.94,7.50
2021-11-01,US&C IRT,COE_UBR_CRK,APAC,22,421,792,1071,2.54,130,3.72,21,16.15%,82.70%,47.10%,26.10%,7.5,3.53,1.30
2021-11-01,Enterprise Account Coordinator,COE_UBR_LIS,EMEA,1,0,0,0,0.00,0,0.00,0,0.00%,0.00%,0.00%,100.08%,7.5,0.00,7.50
2021-11-01,India SA COE Analytics India SA SORT,COE_UBR_HYD,APAC,2,0,0,0,0.00,0,0.00,0,0.00%,0.00%,0.00%,0.00%,7.5,0.00,7.50
2021-11-01,Analytics,COE_UBR_MNL,APAC,0,0,0,0,0.00,0,0.00,0,0.00%,0.00%,0.00%,0.00%,7.5,0.00,7.50
2021-11-01,FRCHBE_Rider_T2,COE_UBR_LIS,EMEA,8,991,994,1040,1.05,82,2.99,28,34.15%,77.95%,21.92%,13.13%,7.5,1.64,1.65
2021-11-01,APAC COE P&E OE,COE_UBR_CRK,APAC,4,253,0,0,0.00,0,0.00,0,0.00%,0.00%,0.00%,0.00%,7.5,0.00,7.50
2021-11-01,Global BPO Training,COE_UBR_HYD,APAC,1,0,0,0,0.00,0,0.00,0,0.00%,0.00%,0.00%,0.00%,7.5,0.00,7.50
2021-11-01,US&C COE Agent Quality US&C GFPS National Audit,COE_UBR_HYD,APAC,6,0,0,0,0.00,0,0.00,0,0.00%,0.00%,0.00%,0.00%,7.5,0.00,7.50
2021-11-01,Program Manager,COE_UBR_KRW,EMEA,1,0,0,0,0.00,0,0.00,0,0.00%,0.00%,0.00%,0.00%,7.5,0.00,7.50
2021-11-01,US&C IRT Deactivations,COE_UBR_MNL,APAC,0,0,0,0,0.00,0,0.00,0,0.00%,0.00%,0.00%,0.00%,7.5,0.00,7.50
2021-11-01,DACT,COE_UBR_SNJ,LatAm,6,0,0,1043,0.00,0,0.00,0,0.00%,40.46%,21.60%,1.56%,7.5,1.62,4.47
2021-11-01,Business Operations and Support,COE_UBR_CHI,US & Canada,3,163,0,44,0.27,0,0.00,0,0.00%,0.00%,0.00%,0.00%,7.5,0.00,7.50
2021-11-01,Croatia,COE_UBR_KRW,EMEA,7,596,1894,1918,3.22,420,3.80,88,20.95%,82.30%,40.30%,18.00%,7.5,3.02,1.33
2021-11-01,Ariane_PL,COE_UBR_KRW,EMEA,0,167,0,0,0.00,0,0.00,0,0.00%,0.00%,0.00%,0.00%,7.5,0.00,7.50
2021-11-01,India SA BPO Quality Rider,COE_UBR_HYD,APAC,3,0,0,0,0.00,0,0.00,0,0.00%,0.00%,0.00%,0.00%,7.5,0.00,7.50
2021-11-01,US&C Fraud ASR,COE_UBR_CRK,APAC,0,0,8935,9964,0.00,992,3.45,252,25.40%,0.00%,0.00%,0.00%,7.5,0.00,7.50
2021-11-01,SME,COE_UBR_LIS,EMEA,8,85,0,0,0.00,0,0.00,0,0.00%,43.37%,2.15%,86.99%,7.5,0.16,4.25
2021-11-01,SLOs,COE_UBR_LIM,EMEA,9,917,0,444,0.48,0,0.00,0,0.00%,36.50%,37.79%,31.01%,7.5,2.83,4.76
2021-11-01,Content,COE_UBR_CAI,EMEA,13,1875,0,0,0.00,0,0.00,0,0.00%,0.00%,0.00%,0.00%,7.5,0.00,7.50
2021-11-01,ANZ SORT,COE_UBR_CRK,APAC,0,0,2,1,0.00,0,0.00,0,0.00%,0.00%,0.00%,0.00%,7.5,0.00,7.50
2021-11-01,India SA COE Agent Quality India SA SORT,COE_UBR_HYD,APAC,1,0,0,0,0.00,0,0.00,0,0.00%,0.00%,0.00%,0.00%,7.5,0.00,7.50
2021-11-01,Restaurant Onboarding Specialist Portuguese - Eats,COE_UBR_LIS,EMEA,1,0,0,0,0.00,0,0.00,0,0.00%,73.45%,0.00%,100.73%,7.5,0.00,1.99
2021-11-01,US&C Global Safety Audit Operations,COE_UBR_MNL,APAC,26,325,0,0,0.00,0,0.00,0,0.00%,5.94%,18.53%,15.36%,7.5,1.39,7.05
2021-11-01,ECR USC,COE_UBR_PHX,US & Canada,0,0,0,0,0.00,0,0.00,0,0.00%,0.00%,0.00%,0.00%,7.5,0.00,7.50
2021-11-01,Global U4B,COE_UBR_MNL,APAC,1,153,200,2918,19.09,154,3.42,45,29.22%,0.00%,0.00%,0.00%,7.5,0.00,7.50
2021-11-01,Program Specialist,COE_UBR_KRW,EMEA,10,0,0,0,0.00,0,0.00,0,0.00%,71.26%,77.16%,87.70%,7.5,5.79,2.16
2021-11-01,Quality,COE_UBR_LIS,EMEA,18,1918,0,0,0.00,0,0.00,0,0.00%,12.41%,44.30%,98.89%,7.5,3.32,6.57
2021-11-01,null,COE_UBR_BRA,LatAm,112,30386,0,0,0.00,0,0.00,0,0.00%,0.00%,22.91%,14.04%,7.5,1.72,7.50
2021-11-01,EMEA Manager,COE_UBR_CAI,EMEA,0,155,0,6,0.04,0,0.00,0,0.00%,0.00%,0.00%,0.00%,7.5,0.00,7.50
2021-11-01,North Asia COE Analytics North Asia COE,COE_UBR_HYD,APAC,2,0,0,0,0.00,0,0.00,0,0.00%,0.00%,0.00%,0.00%,7.5,0.00,7.50
2021-11-01,North Asia Shared Analytics JPN Consumer Ops,COE_UBR_HYD,APAC,1,0,0,0,0.00,0,0.00,0,0.00%,0.00%,0.00%,0.00%,7.5,0.00,7.50
2021-11-01,Tolls,COE_UBR_SNJ,LatAm,3,0,0,0,0.00,0,0.00,0,0.00%,24.92%,11.83%,3.30%,7.5,0.89,5.63
2021-11-01,Risk Support Local Support,COE_UBR_BRA,LatAm,3,0,232,238,0.00,21,3.19,7,33.33%,71.13%,25.88%,2.26%,7.5,1.94,2.17
2021-11-01,ANZ Fraud ASR,COE_UBR_CRK,APAC,0,0,0,0,0.00,0,0.00,0,0.00%,0.00%,0.00%,0.00%,7.5,0.00,7.50
2021-11-01,AMS Ops,COE_UBR_LIS,EMEA,1,112,0,0,0.00,0,0.00,0,0.00%,0.00%,0.00%,0.00%,7.5,0.00,7.50
2021-11-01,ANZ Level 2 Eats,COE_UBR_MNL,APAC,25,238,3513,4942,20.74,436,2.95,159,36.47%,79.42%,30.23%,29.27%,7.5,2.27,1.54
2021-11-01,WSE Funnel (Ariane) - France,COE_UBR_LIS,EMEA,11,1345,0,0,0.00,0,0.00,0,0.00%,67.13%,30.00%,23.21%,7.5,2.25,2.47
2021-11-01,QA USC,COE_UBR_CHI,US & Canada,27,1387,0,31,0.02,0,0.00,0,0.00%,0.00%,0.00%,0.00%,7.5,0.00,7.50
2021-11-01,APAC COE P&E PMO,COE_UBR_VTZ,APAC,1,0,0,0,0.00,0,0.00,0,0.00%,0.00%,0.00%,0.00%,7.5,0.00,7.50
2021-11-01,Unassigned,COE_UBR_LIM,EMEA,0,0,833,3622,0.00,191,3.69,42,21.99%,0.00%,0.00%,0.00%,7.5,0.00,7.50
2021-11-01,Eats Business Standard,COE_UBR_CAI,EMEA,3,505,0,0,0.00,0,0.00,0,0.00%,76.67%,4.99%,6.37%,7.5,0.37,1.75
2021-11-01,Global Project Specialist,COE_UBR_KRW,EMEA,1,0,0,0,0.00,0,0.00,0,0.00%,0.00%,0.00%,0.00%,7.5,0.00,7.50
2021-11-01,India SA COE Agent Quality India SA IRT L1/L2,COE_UBR_HYD,APAC,3,0,0,0,0.00,0,0.00,0,0.00%,0.00%,0.00%,0.00%,7.5,0.00,7.50
2021-11-01,APAC Shared Analytics,COE_UBR_MNL,APAC,1,0,0,0,0.00,0,0.00,0,0.00%,0.00%,0.00%,0.00%,7.5,0.00,7.50
2021-11-01,EMEA Shared Analytics Eats Sales Ops,COE_UBR_HYD,APAC,2,0,0,0,0.00,0,0.00,0,0.00%,0.00%,0.00%,0.00%,7.5,0.00,7.50
2021-11-01,Greece,COE_UBR_KRW,EMEA,2,148,1547,1639,11.10,278,4.53,14,5.04%,81.75%,36.41%,38.62%,7.5,2.73,1.37
2021-11-01,Site Lead,COE_UBR_LIS,EMEA,1,0,0,0,0.00,0,0.00,0,0.00%,0.00%,0.00%,0.00%,7.5,0.00,7.50
2021-11-01,Global Global Quality,COE_UBR_MNL,APAC,3,0,0,0,0.00,0,0.00,0,0.00%,0.00%,0.00%,0.00%,7.5,0.00,7.50
2021-11-01,U4B Support,COE_UBR_LIS,EMEA,5,0,0,0,0.00,0,0.00,0,0.00%,88.87%,26.57%,11.94%,7.5,1.99,0.83
2021-11-01,ANZ IRT Deactivations,COE_UBR_MNL,APAC,3,0,41,42,0.00,3,3.33,1,33.33%,15.60%,27.03%,15.72%,7.5,2.03,6.33
2021-11-01,Global Global HRSS Contracts,COE_UBR_MNL,APAC,0,0,0,0,0.00,0,0.00,0,0.00%,0.00%,0.00%,0.00%,7.5,0.00,7.50
2021-11-01,Portugal_Rides_T2,COE_UBR_LIS,EMEA,13,905,2383,2594,2.86,293,3.30,78,26.62%,82.20%,34.41%,13.67%,7.5,2.58,1.33
2021-11-01,India SA Vault,COE_UBR_VTZ,APAC,12,16,0,10971,706.44,0,0.00,0,0.00%,50.89%,19.17%,2.93%,7.5,1.44,3.68
2021-11-01,SAFE: C360,COE_UBR_CHI,US & Canada,0,0,0,1,0.00,0,0.00,0,0.00%,0.00%,0.00%,0.00%,7.5,0.00,7.50
2021-11-01,India SA COE Agent Quality,COE_UBR_VTZ,APAC,1,0,0,0,0.00,0,0.00,0,0.00%,0.00%,0.00%,0.00%,7.5,0.00,7.50
2021-11-01,CRT,COE_UBR_BRA,LatAm,1,0,0,53,0.00,0,0.00,0,0.00%,0.00%,6.59%,2.25%,7.5,0.49,7.50
2021-11-01,English - Eater & Courier,COE_UBR_LIM,EMEA,18,2139,2927,4220,1.97,560,2.80,220,39.29%,84.72%,25.81%,13.11%,7.5,1.94,1.15
2021-11-01,India SA Analytics Central Ops Marketplace & Categories,COE_UBR_HYD,APAC,3,0,0,0,0.00,0,0.00,0,0.00%,0.00%,0.00%,0.00%,7.5,0.00,7.50
2021-11-01,US&C Engagement,COE_UBR_HYD,APAC,1,0,0,0,0.00,0,0.00,0,0.00%,0.00%,0.00%,0.00%,7.5,0.00,7.50
2021-11-01,US&C Driver NYC TLC,COE_UBR_MNL,APAC,0,0,0,0,0.00,0,0.00,0,0.00%,0.00%,0.00%,0.00%,7.5,0.00,7.50
2021-11-01,ANZ Funnel L2 Escalations,COE_UBR_CRK,APAC,0,0,0,0,0.00,0,0.00,0,0.00%,0.00%,0.00%,0.00%,7.5,0.00,7.50
2021-11-01,ASR,COE_UBR_CRK,APAC,0,0,0,136,0.00,12,4.50,1,8.33%,0.00%,0.00%,0.00%,7.5,0.00,7.50
2021-11-01,ANZ Restaurant Operations ARST,COE_UBR_MNL,APAC,3,0,0,1268,0.00,92,2.02,62,67.39%,19.46%,19.83%,19.06%,7.5,1.49,6.04
2021-11-01,MENA_Driver_T2,COE_UBR_CAI,EMEA,22,1700,0,747,0.44,53,4.25,5,9.43%,80.19%,38.26%,30.49%,7.5,2.87,1.49
2021-11-01,Eats Restaurant Ops,COE_UBR_KRW,EMEA,1,0,0,0,0.00,0,0.00,0,0.00%,0.00%,100.02%,64.92%,7.5,7.50,7.50
2021-11-01,EMEA Shared Analytics Eats Regional Ops,COE_UBR_HYD,APAC,5,0,0,0,0.00,0,0.00,0,0.00%,0.00%,0.00%,0.00%,7.5,0.00,7.50
2021-11-01,Restaurant Onboarding Specialist Netherlands Eats,COE_UBR_LIS,EMEA,1,0,0,0,0.00,0,0.00,0,0.00%,100.00%,0.96%,99.97%,7.5,0.07,0.00
2021-11-01,India SA SORT Rides,COE_UBR_VTZ,APAC,25,0,0,0,0.00,0,0.00,0,0.00%,45.93%,23.14%,7.27%,7.5,1.74,4.06
2021-11-01,ANZ Agent Quality,COE_UBR_MNL,APAC,1,0,0,0,0.00,0,0.00,0,0.00%,0.00%,0.00%,0.00%,7.5,0.00,7.50
2021-11-01,Global COE Training India SA SORT,COE_UBR_HYD,APAC,2,0,0,0,0.00,0,0.00,0,0.00%,0.00%,0.00%,0.00%,7.5,0.00,7.50
2021-11-01,Engagement,COE_UBR_SNJ,LatAm,2,0,0,0,0.00,0,0.00,0,0.00%,34.00%,55.61%,0.00%,7.5,4.17,4.95
2021-11-01,Unassigned,COE_UBR_SNJ,LatAm,0,0,6425,14928,0.00,1457,4.10,197,13.52%,0.00%,0.00%,0.00%,7.5,0.00,7.50
2021-11-01,SLBD Eats IRT SL/BD L1/L2,COE_UBR_HYD,APAC,0,0,1,1,0.00,0,0.00,0,0.00%,0.00%,0.00%,0.00%,7.5,0.00,7.50
2021-11-01,UKI Compliance Specialist,COE_UBR_LIM,EMEA,3,0,0,0,0.00,0,0.00,0,0.00%,34.45%,4.71%,31.78%,7.5,0.35,4.92
2021-11-01,Global L&D Learning Delivery,COE_UBR_MNL,APAC,14,262,0,0,0.00,0,0.00,0,0.00%,0.00%,0.00%,0.00%,7.5,0.00,7.50
2021-11-01,Eats Live Marketplace Monitoring Specialist,COE_UBR_LIM,EMEA,1,0,0,0,0.00,0,0.00,0,0.00%,0.00%,5.84%,28.81%,7.5,0.44,7.50
2021-11-01,Eats Compliance Coordinator,COE_UBR_LIS,EMEA,1,0,0,0,0.00,0,0.00,0,0.00%,0.00%,0.00%,100.83%,7.5,0.00,7.50
2021-11-01,APAC Engagement,COE_UBR_HYD,APAC,2,0,0,0,0.00,0,0.00,0,0.00%,0.00%,0.00%,0.00%,7.5,0.00,7.50
2021-11-01,Global Engagement,COE_UBR_HYD,APAC,1,0,0,0,0.00,0,0.00,0,0.00%,0.00%,0.00%,0.00%,7.5,0.00,7.50
2021-11-01,Senior COE Manager,COE_UBR_CAI,EMEA,2,0,0,0,0.00,0,0.00,0,0.00%,0.00%,0.00%,0.00%,7.5,0.00,7.50
2021-11-01,UKI MP & Union,COE_UBR_LIM,EMEA,3,0,0,0,0.00,0,0.00,0,0.00%,32.48%,5.02%,31.18%,7.5,0.38,5.06
2021-11-01,Nordics_Rides,COE_UBR_LIM,EMEA,1,0,0,0,0.00,0,0.00,0,0.00%,0.00%,0.00%,0.00%,7.5,0.00,7.50
2021-11-01,Enablement Operation Manager,COE_UBR_LIS,EMEA,1,0,0,0,0.00,0,0.00,0,0.00%,0.00%,0.00%,0.00%,7.5,0.00,7.50
2021-11-01,Iberia - IRT,COE_UBR_LIS,EMEA,0,0,0,520,0.00,60,4.47,1,1.67%,0.00%,0.00%,0.00%,7.5,0.00,7.50
2021-11-01,US&C USI Crash,COE_UBR_MNL,APAC,15,568,560,733,1.29,67,4.18,8,11.94%,61.39%,23.90%,3.57%,7.5,1.79,2.90
2021-11-01,French - Restaurant,COE_UBR_LIS,EMEA,13,1196,132,2145,1.79,173,3.80,38,21.97%,54.64%,34.23%,9.54%,7.5,2.57,3.40
2021-11-01,null,COE_UBR_KRW,EMEA,19,1729,0,0,0.00,0,0.00,0,0.00%,0.00%,67.53%,17.96%,7.5,5.07,7.50
2021-11-01,Ukraine_T2,COE_UBR_KRW,EMEA,0,0,0,0,0.00,0,0.00,0,0.00%,0.00%,0.00%,0.00%,7.5,0.00,7.50
2021-11-01,US&C Fraud ASR,COE_UBR_MNL,APAC,0,0,15838,19330,0.00,1535,3.69,299,19.48%,0.00%,0.00%,0.00%,7.5,0.00,7.50
2021-11-01,Merchant: Menu Creation,COE_UBR_CHI,US & Canada,4,0,0,0,0.00,0,0.00,0,0.00%,14.98%,33.15%,4.91%,7.5,2.49,6.38
2021-11-01,FRCHBE_SORT,COE_UBR_LIS,EMEA,6,801,0,0,0.00,0,0.00,0,0.00%,27.33%,24.08%,11.04%,7.5,1.81,5.45
2021-11-01,Perspective,COE_UBR_LIM,EMEA,17,1395,0,40,0.03,1,2.00,0,0.00%,81.79%,35.07%,14.62%,7.5,2.63,1.37
2021-11-01,US&C Content Rides Ops Incubation,COE_UBR_HYD,APAC,10,0,12,15,0.00,1,5.00,0,0.00%,0.00%,0.00%,0.00%,7.5,0.00,7.50
2021-11-01,Analyst,COE_UBR_LIS,EMEA,6,986,0,0,0.00,0,0.00,0,0.00%,0.00%,0.00%,0.00%,7.5,0.00,7.50
2021-11-01,FRCHBE_IRTL1L2,COE_UBR_LIS,EMEA,16,2121,1248,3104,1.46,193,4.05,24,12.44%,74.01%,28.66%,14.04%,7.5,2.15,1.95
2021-11-01,MENA_Lost_Properties,COE_UBR_CAI,EMEA,7,378,2,5,0.01,0,0.00,0,0.00%,64.34%,34.24%,29.73%,7.5,2.57,2.67
2021-11-01,ANZ A&I Audits,COE_UBR_MNL,APAC,0,0,3146,3686,0.00,393,3.24,110,27.99%,0.00%,0.00%,0.00%,7.5,0.00,7.50
2021-11-01,Enterprise Onboarding Specialist Portuguese - Eats,COE_UBR_LIS,EMEA,1,0,0,0,0.00,0,0.00,0,0.00%,0.00%,0.00%,47.51%,7.5,0.00,7.50
2021-11-01,CAI_SSA_Rider_T2,COE_UBR_CAI,EMEA,0,0,0,0,0.00,0,0.00,0,0.00%,0.00%,0.00%,0.00%,7.5,0.00,7.50
2021-11-01,Analyst,COE_UBR_CAI,EMEA,5,1620,0,0,0.00,0,0.00,0,0.00%,0.00%,0.00%,0.00%,7.5,0.00,7.50
2021-11-01,US&C COE Analytics GFPS,COE_UBR_HYD,APAC,3,0,0,0,0.00,0,0.00,0,0.00%,0.00%,0.00%,0.00%,7.5,0.00,7.50
2021-11-01,Enablement Operation Manager,COE_UBR_CAI,EMEA,1,0,0,0,0.00,0,0.00,0,0.00%,0.00%,0.00%,0.00%,7.5,0.00,7.50
2021-11-01,SSA_SORT,COE_UBR_CAI,EMEA,5,358,0,0,0.00,0,0.00,0,0.00%,44.59%,20.56%,11.31%,7.5,1.54,4.16
2021-11-01,APAC COE P&E Engagement & Communications,COE_UBR_MNL,APAC,3,0,0,0,0.00,0,0.00,0,0.00%,0.00%,0.00%,0.00%,7.5,0.00,7.50
2021-11-01,Engagement Specialist,COE_UBR_KRW,EMEA,1,0,0,0,0.00,0,0.00,0,0.00%,0.00%,0.00%,0.00%,7.5,0.00,7.50
2021-11-01,IRT L1/L2 Local Support,COE_UBR_BRA,LatAm,0,0,0,0,0.00,0,0.00,0,0.00%,0.00%,0.00%,0.00%,7.5,0.00,7.50
2021-11-01,U4B,COE_UBR_LIM,EMEA,1,53,0,0,0.00,0,0.00,0,0.00%,0.00%,0.00%,0.00%,7.5,0.00,7.50